mean_1,mean_2,mean_5,sum_means,sum_bin
0.4692680899768591,0.40946056382693163,1.517063656781916,2.3957923105857066,"(0.239, 7.057]"
3.010121430917521,1.561339692303473,1.4183094814786363,5.98977060469963,"(0.239, 7.057]"
1.3167456935454493,4.126283588564117,11.835862371081546,17.278891653191113,"(13.841, 20.626]"
0.9129425537759532,2.6352155582609473,1.4353859428180331,4.983544054854933,"(0.239, 7.057]"
0.16962487046234628,3.2855876521475147,1.5869258782709739,5.042138400880835,"(0.239, 7.057]"
0.16959629191460518,2.1504754303408053,7.123061267985805,9.443132990241216,"(7.057, 13.841]"
0.059838768608680676,2.3571076722830644,2.9868204943252854,5.40376693521703,"(0.239, 7.057]"
2.0112308644799395,3.783543976100559,7.496431991292298,13.291206831872795,"(7.057, 13.841]"
0.9190821536272645,0.5744790310802402,0.3380021938096258,1.8315633785171306,"(0.239, 7.057]"
1.2312500617045903,1.3444353323424827,3.342967460518684,5.918652854565757,"(0.239, 7.057]"
0.020799307999138622,0.5000262582122447,0.17095762468974915,0.6917831909011325,"(0.239, 7.057]"
3.503557475158312,8.791116834810659,0.3235097575531596,12.61818406752213,"(7.057, 13.841]"
1.786429543354675,5.766927574640829,11.845625590727419,19.398982708722922,"(13.841, 20.626]"
0.238687625248947,0.08045020241075818,0.7497289952322251,1.0688668228919302,"(0.239, 7.057]"
0.20067898874966336,2.445463126391458,3.8009314053110494,6.447073520452171,"(0.239, 7.057]"
0.20261142283225705,5.187167114950511,2.647457109592807,8.037235647375574,"(7.057, 13.841]"
0.3627537294604771,0.3983056507757,2.133520277972683,2.89457965820886,"(0.239, 7.057]"
0.7439278308608545,1.6784058352918045,11.504599685044134,13.926933351196793,"(13.841, 20.626]"
0.5655370667803367,4.94173052825106,0.11032524677500764,5.617592841806405,"(0.239, 7.057]"
0.3442229925539415,0.06907104708842363,5.450091904163448,5.863385943805813,"(0.239, 7.057]"
0.9463708738997987,2.3908209137857708,16.537774897341833,19.874966685027402,"(13.841, 20.626]"
0.15023452872733867,0.7057899294904256,4.10681430140426,4.962838759622024,"(0.239, 7.057]"
0.34551551200240227,5.164497342711352,13.809032264595595,19.31904511930935,"(13.841, 20.626]"
0.45627721822084705,7.084939845244507,0.2683641914791203,7.809581254944474,"(7.057, 13.841]"
0.608934687859775,5.774347362481949,2.7132442614864805,9.096526311828205,"(7.057, 13.841]"
1.537936011030912,1.2857228103969165,1.5065917327534437,4.330250554181272,"(0.239, 7.057]"
0.2227358621286903,3.9616214134707164,6.561892815365702,10.746250090965109,"(7.057, 13.841]"
0.7220291550331277,3.7228545465981577,19.89538089420841,24.3402645958397,"(20.626, 27.41]"
0.8975047213097606,0.7686810430390687,1.482134737918257,3.148320502267086,"(0.239, 7.057]"
0.047563849756408545,3.5311950827893064,5.309106299150158,8.887865231695873,"(7.057, 13.841]"
0.9353330206496101,0.07541959053781945,1.1038420756713982,2.114594686858828,"(0.239, 7.057]"
0.18696125197741642,1.8140172805756138,4.165843710739791,6.166822243292821,"(0.239, 7.057]"
0.06726393087930424,0.5227524823945714,3.1174758408616094,3.7074922541354853,"(0.239, 7.057]"
2.973687793506931,0.2569555349432881,17.878705654540575,21.109348982990795,"(20.626, 27.41]"
3.3706303424611725,0.1601506866087655,4.689197140188667,8.219978169258605,"(7.057, 13.841]"
1.6523315728128767,2.383355899376474,2.150118883764553,6.185806355953904,"(0.239, 7.057]"
0.3632878599687583,0.8306520261371341,0.6057322178781008,1.7996721039839931,"(0.239, 7.057]"
0.10277731500250624,2.5802728744407553,0.8199343186071815,3.502984508050443,"(0.239, 7.057]"
1.1527507630986618,0.13517987097894865,1.2765063757044115,2.564437009782022,"(0.239, 7.057]"
0.5800908425853983,0.7575207628353564,1.444858927806849,2.782470533227604,"(0.239, 7.057]"
0.13015223395444864,1.550847028800099,9.506177471315553,11.1871767340701,"(7.057, 13.841]"
0.6835472281341501,3.128194666675975,4.1188174255839725,7.930559320394098,"(7.057, 13.841]"
0.034993721443479085,0.7676592140803179,3.7052932239272174,4.507946159451015,"(0.239, 7.057]"
2.400422887393024,1.9664181728043253,0.6095325317064895,4.9763735919038385,"(0.239, 7.057]"
0.2994577768406861,4.34272331744854,9.835555820775436,14.477736915064662,"(13.841, 20.626]"
1.0862557985649803,1.9135130181441724,6.4153380593693035,9.415106876078456,"(7.057, 13.841]"
0.37354658165762367,0.530431285931699,0.35033346359758155,1.254311331186904,"(0.239, 7.057]"
0.7341108959092286,0.04940682748831045,6.152184503012271,6.93570222640981,"(0.239, 7.057]"
0.7912237979817975,4.081963372748363,3.9212515030869195,8.79443867381708,"(7.057, 13.841]"
0.20438859950790575,0.04299772832052263,0.42629372734834137,0.6736800551767698,"(0.239, 7.057]"
3.4928071327362264,4.154115533208341,3.065220603033512,10.712143268978078,"(7.057, 13.841]"
1.4922453771381408,1.5055274409391088,3.314994092074675,6.312766910151925,"(0.239, 7.057]"
2.8050944192915823,5.595983685585326,0.9062578881090823,9.30733599298599,"(7.057, 13.841]"
2.2521519975341966,3.2067450460462505,14.56598463699748,20.024881680577927,"(13.841, 20.626]"
0.911054412383275,12.364388821694652,9.484779041173425,22.76022227525135,"(20.626, 27.41]"
2.549435379269405,0.8637572336965674,5.52852195130109,8.941714564267063,"(7.057, 13.841]"
0.09265545895311562,2.9150505182229156,3.1022311983444286,6.10993717552046,"(0.239, 7.057]"
0.21813469463126745,1.0280980052458817,2.6531483587842204,3.8993810586613695,"(0.239, 7.057]"
0.046281965686831954,1.3073746085703826,5.263036671570292,6.6166932458275065,"(0.239, 7.057]"
0.3935320868030868,1.9750658152562308,3.9420373715189623,6.31063527357828,"(0.239, 7.057]"
0.4921302917942186,4.13782812806478,0.32148265013563276,4.951441069994631,"(0.239, 7.057]"
0.3165604432088257,8.280794073682618,3.592352109670177,12.18970662656162,"(7.057, 13.841]"
1.764557865240934,2.92439422067845,8.209898941840661,12.898851027760045,"(7.057, 13.841]"
0.44122699952987016,1.0817683871822836,3.07389747566115,4.596892862373304,"(0.239, 7.057]"
0.3298028401342492,1.0941391516380483,0.26677486754224666,1.690716859314544,"(0.239, 7.057]"
0.782407083207746,2.675635551947331,7.715400534056185,11.173443169211263,"(7.057, 13.841]"
0.15189814782062885,0.5456582401191886,1.1242486684293702,1.8218050563691877,"(0.239, 7.057]"
1.6204835957747312,0.23413333916132295,1.4962154537418513,3.3508323886779054,"(0.239, 7.057]"
0.07747586881130901,0.875838663188233,0.8998597170870082,1.8531742490865502,"(0.239, 7.057]"
4.33414633958732,0.677218212835652,2.003993052358571,7.015357604781543,"(0.239, 7.057]"
1.4794837762415114,0.7028293794646111,7.068358739082581,9.250671894788702,"(7.057, 13.841]"
0.22153944050588595,0.5321223319189935,3.6634526676202146,4.417114440045094,"(0.239, 7.057]"
0.005537420375935475,0.08600956187469465,1.1463191739354421,1.2378661561860722,"(0.239, 7.057]"
1.689896777486126,0.03607120566389812,10.51171200632744,12.237679989477463,"(7.057, 13.841]"
1.2270959073870447,8.799955958224604,10.583925255399171,20.61097712101082,"(13.841, 20.626]"
1.305662908787999,1.116439493784204,10.223400900512182,12.645503303084386,"(7.057, 13.841]"
1.4752145260435134,0.9700774549106357,1.364270832034604,3.8095628129887533,"(0.239, 7.057]"
0.07692926551379635,2.2766652972528942,3.000464482161465,5.354059044928156,"(0.239, 7.057]"
0.4438926724162325,0.49245051188186667,20.995078624649754,21.931421808947853,"(20.626, 27.41]"
0.12315010460444965,5.989912507479552,7.392321860913893,13.505384472997894,"(7.057, 13.841]"
1.9885295716582227,3.0867855637511723,0.13771639318440762,5.213031528593803,"(0.239, 7.057]"
0.9763011917123741,0.1873272772820139,0.33713793909555256,1.5007664080899406,"(0.239, 7.057]"
0.401818801251301,1.0811295480667795,3.1174654888553146,4.600413838173395,"(0.239, 7.057]"
0.06566806580478289,4.225885920281707,11.996592748268405,16.288146734354896,"(13.841, 20.626]"
0.3724883504103537,5.791123206241664,3.8685529300196024,10.03216448667162,"(7.057, 13.841]"
0.39331421318413134,1.2599748862027846,3.44390869524446,5.097197794631376,"(0.239, 7.057]"
1.3078757839577408,1.900788345152873,0.5573048725830222,3.765969001693636,"(0.239, 7.057]"
1.01488935892602,0.3655247785135971,5.346919715654812,6.727333853094429,"(0.239, 7.057]"
2.1822519124015147,9.458889372185626,8.632757253150999,20.27389853773814,"(13.841, 20.626]"
0.6390661333763098,0.5270763300353666,2.3935673098359214,3.5597097732475977,"(0.239, 7.057]"
0.1273723936155019,5.720018662987776,7.471889591691858,13.319280648295138,"(7.057, 13.841]"
1.2491263443165994,2.09762611893712,16.68782581026049,20.03457827351421,"(13.841, 20.626]"
1.430392753076864,1.871644445744388,1.1393137155670654,4.441350914388318,"(0.239, 7.057]"
0.8238874948858288,1.4377035051848823,3.7046503885106787,5.966241388581389,"(0.239, 7.057]"
1.4738899667213645,0.5244700561039253,1.6923368344452694,3.6906968572705594,"(0.239, 7.057]"
0.6808147315102779,0.38845154004673454,7.871667216087371,8.940933487644383,"(7.057, 13.841]"
0.739678838777267,0.4981697972410135,4.308934204698224,5.546782840716505,"(0.239, 7.057]"
0.5578141939084273,0.41266692710910036,5.033572589166379,6.004053710183907,"(0.239, 7.057]"
0.02574777399011373,3.024481515145593,7.995313597255331,11.045542886391038,"(7.057, 13.841]"
0.11416743519186584,0.8619512821461487,2.520660979608902,3.4967796969469163,"(0.239, 7.057]"
0.03193368129305382,0.11916601666553696,12.330821063064828,12.481920761023419,"(7.057, 13.841]"
1.0117295509275495,6.954168433053549,3.807439187276906,11.773337171258005,"(7.057, 13.841]"
0.37739670879509984,4.304641940052001,0.8596080579465919,5.541646706793693,"(0.239, 7.057]"
0.7104371771341901,5.255309107613509,5.95197892248194,11.917725207229639,"(7.057, 13.841]"
2.3812655298459755,10.560099538099413,7.881499229619774,20.82286429756516,"(20.626, 27.41]"
0.28673882298329834,0.38206739315237065,1.9045577239785516,2.5733639401142208,"(0.239, 7.057]"
0.5282819748826726,1.0091637097877615,9.73082490256681,11.268270587237245,"(7.057, 13.841]"
1.4087491475385834,2.8396069509625415,11.829928230155833,16.078284328656956,"(13.841, 20.626]"
0.25980515691739403,2.381590804842675,1.6210697978523219,4.262465759612391,"(0.239, 7.057]"
0.08010427855017636,0.3342257695870137,20.528485611408694,20.942815659545886,"(20.626, 27.41]"
0.3421403038870571,3.3838260059726304,0.7582529519025276,4.484219261762215,"(0.239, 7.057]"
0.17580835850006285,0.5083413344811726,1.128331581573379,1.8124812745546144,"(0.239, 7.057]"
2.6549500858806248,0.5067355079392861,1.0180825013378585,4.179768095157769,"(0.239, 7.057]"
1.6508870804845694,1.539945968581674,11.221095570920664,14.411928619986908,"(13.841, 20.626]"
1.003494190520531,1.797589048373838,5.310811942673517,8.111895181567887,"(7.057, 13.841]"
2.051519730520813,1.7354116910589348,0.8249881312515189,4.611919552831267,"(0.239, 7.057]"
1.6279689407405564,0.19189180594202748,2.9019809744493594,4.721841721131943,"(0.239, 7.057]"
0.20649547635863907,4.198649622582847,4.776431677739809,9.181576776681295,"(7.057, 13.841]"
2.230813405235561,0.6174029953340311,0.43577012666828674,3.2839865272378788,"(0.239, 7.057]"
0.775099901966172,0.27740932193880063,10.703027201711366,11.755536425616338,"(7.057, 13.841]"
1.6473482913035662,4.391916196960067,8.13809942226804,14.177363910531673,"(13.841, 20.626]"
2.2642426492862313,6.231352705506558,3.5180766404091806,12.013671995201971,"(7.057, 13.841]"
0.38273071641831846,3.9628535689499245,17.075459615250438,21.42104390061868,"(20.626, 27.41]"
0.11659216012385083,3.3163749394672246,2.704371135146974,6.137338234738049,"(0.239, 7.057]"
0.25868674613938136,2.12982500239724,20.71042688225587,23.098938630792492,"(20.626, 27.41]"
0.5570576927486144,1.6008295631397975,5.511896858173445,7.669784114061857,"(7.057, 13.841]"
1.703829726638945,0.18200979350470162,5.034788547467604,6.920628067611251,"(0.239, 7.057]"
1.9713449718798333,1.0500289998205297,0.9073389785331738,3.9287129502335367,"(0.239, 7.057]"
0.006976409181650647,0.9326241572612323,10.682293120440278,11.62189368688316,"(7.057, 13.841]"
0.7148761593385558,0.6015448469525689,2.7886226567511265,4.105043663042251,"(0.239, 7.057]"
0.5402733209186713,2.570511159994137,0.885078722413422,3.99586320332623,"(0.239, 7.057]"
0.2511673382758245,1.3698649678353072,0.06343834561467812,1.6844706517258097,"(0.239, 7.057]"
0.1276803915456468,0.16903889447111708,4.102127208569378,4.398846494586142,"(0.239, 7.057]"
0.41190857986243246,0.4973925223608329,3.7475255732925157,4.656826675515781,"(0.239, 7.057]"
2.8631211226911497,2.299340255194498,6.35329922373547,11.515760601621118,"(7.057, 13.841]"
0.3903838028814744,0.15836968038982463,11.048118028677141,11.59687151194844,"(7.057, 13.841]"
0.7314528057601519,3.8103972460884097,0.4136840009027475,4.955534052751308,"(0.239, 7.057]"
1.2140869768808549,1.3669740886241568,6.574456468802962,9.155517534307974,"(7.057, 13.841]"
0.45197449896696235,1.310110274871182,1.0376549707763458,2.79973974461449,"(0.239, 7.057]"
3.5677981382916997,1.7949761531761497,9.765879262842791,15.12865355431064,"(13.841, 20.626]"
3.282009864541398,3.4822958258889534,8.548046073055023,15.312351763485374,"(13.841, 20.626]"
0.2900612949922053,0.8548362678904304,3.8912791714955026,5.036176734378138,"(0.239, 7.057]"
0.6876592784638472,2.266507795845702,6.193559716560313,9.147726790869863,"(7.057, 13.841]"
0.3579304600790468,1.6681866820699471,1.8869407530569824,3.9130578952059762,"(0.239, 7.057]"
0.3352496763810817,0.6212962912021415,3.185421433947308,4.141967401530532,"(0.239, 7.057]"
0.03758447776552253,4.217822870880717,8.619669529794812,12.875076878441051,"(7.057, 13.841]"
0.9404920709825931,3.193300267505465,3.0741315921204126,7.207923930608471,"(7.057, 13.841]"
0.6985196328296385,2.148533138769752,2.214263980932781,5.061316752532171,"(0.239, 7.057]"
0.05285108738039248,3.802011437083213,3.4081927704243213,7.263055294887927,"(7.057, 13.841]"
0.32662592101036936,4.03924127644106,8.80855497633712,13.17442217378855,"(7.057, 13.841]"
2.3888609510893404,2.464490641818622,2.0414057023216685,6.894757295229631,"(0.239, 7.057]"
0.27386055214207705,3.628173701241865,0.954359594706478,4.85639384809042,"(0.239, 7.057]"
0.15653086098546976,2.3911593287439676,6.224217408676418,8.771907598405855,"(7.057, 13.841]"
0.6722721094736362,2.27974858345773,8.742873866424489,11.694894559355856,"(7.057, 13.841]"
4.24403698261526,1.9278728380443764,0.5303453804904421,6.702255201150078,"(0.239, 7.057]"
0.2771448135597262,2.7944407832521283,1.3713560915406764,4.442941688352531,"(0.239, 7.057]"
1.1151550102972934,0.345388350922558,0.7655926703041758,2.2261360315240273,"(0.239, 7.057]"
1.4338876262394629,4.255092636104306,2.1381043077802806,7.8270845701240495,"(7.057, 13.841]"
0.2713331723358058,4.109006644285871,2.992376739601061,7.372716556222738,"(7.057, 13.841]"
1.3027489284923162,0.05936702308604403,6.908053472419113,8.270169423997473,"(7.057, 13.841]"
0.458522799264304,3.4952947525506275,5.2655316276775075,9.21934917949244,"(7.057, 13.841]"
1.0005037477317713,0.2759278148075113,4.850153076744655,6.126584639283937,"(0.239, 7.057]"
1.0038378271376383,0.8162939650186172,2.172216857034855,3.9923486491911104,"(0.239, 7.057]"
0.7673852499523488,2.7213176063214832,9.208349225171542,12.697052081445374,"(7.057, 13.841]"
0.09462915881162096,0.35051686945912636,3.1865492202196304,3.6316952484903777,"(0.239, 7.057]"
1.803644794246297,3.4071348443171448,19.341212082974454,24.551991721537895,"(20.626, 27.41]"
0.3868102936673966,3.5691805940244477,5.027551885048863,8.983542772740709,"(7.057, 13.841]"
0.20643210660755654,1.416390610619194,0.6748892859051263,2.2977120031318767,"(0.239, 7.057]"
0.0416297597943452,0.012812697234830334,5.637799722553777,5.692242179582952,"(0.239, 7.057]"
0.8937784045945835,0.6766546854237102,1.965983484598051,3.5364165746163447,"(0.239, 7.057]"
1.1318517342673489,1.919058988727477,5.797024320124432,8.847935043119257,"(7.057, 13.841]"
0.01672694755847062,7.946326935948816,0.3609245253477216,8.323978408855009,"(7.057, 13.841]"
0.7176305845494884,1.9983314981781268,0.9611409522956076,3.6771030350232228,"(0.239, 7.057]"
0.25682414705495765,0.6016793940202341,9.680595255090651,10.539098796165844,"(7.057, 13.841]"
1.036124341547692,2.010275055883101,1.2885427165339245,4.3349421139647175,"(0.239, 7.057]"
0.19160422253913376,1.5529940135553426,9.07128706056416,10.815885296658635,"(7.057, 13.841]"
1.174212527567719,3.026850460258931,1.6374956968937364,5.838558684720386,"(0.239, 7.057]"
0.4889587009811018,0.22629403459165812,5.148443838751175,5.863696574323934,"(0.239, 7.057]"
2.760343817804307,2.8628169614729657,5.923311842148193,11.546472621425465,"(7.057, 13.841]"
0.14794441343927894,1.558572038139779,3.5939124064427475,5.300428858021805,"(0.239, 7.057]"
0.41713243399517175,6.593242555535332,1.8214527509449105,8.831827740475415,"(7.057, 13.841]"
0.12044428503699642,0.8367121799782223,1.195376300823429,2.152532765838648,"(0.239, 7.057]"
2.5861903971507236,2.002727394690046,0.1687630960528036,4.757680887893573,"(0.239, 7.057]"
2.098333707160994,5.377321951137103,1.8116430595060464,9.287298717804143,"(7.057, 13.841]"
0.2983273700614889,0.21630599533054923,5.2944987304611,5.809132095853139,"(0.239, 7.057]"
1.0787627390439145,5.536507853677537,13.92774722954687,20.54301782226832,"(13.841, 20.626]"
1.6994840726392213,2.328771767115938,10.247646330481997,14.275902170237156,"(13.841, 20.626]"
0.8101323606865081,0.1404953005822166,7.26355512373689,8.214182785005615,"(7.057, 13.841]"
0.7542794101939461,0.7161048328564796,7.766406717068507,9.236790960118933,"(7.057, 13.841]"
0.27687704543790315,2.463181990242625,5.467898419608366,8.207957455288893,"(7.057, 13.841]"
0.09772614047494073,0.13945185478952263,1.5074640664863508,1.744642061750814,"(0.239, 7.057]"
2.275123225194523,1.7453634581899276,11.886275460975453,15.906762144359902,"(13.841, 20.626]"
2.3067744276484268,0.8489382630227224,5.554421087100344,8.710133777771492,"(7.057, 13.841]"
1.0026699194828848,1.9399923809496695,4.109912439431902,7.052574739864456,"(0.239, 7.057]"
0.4140465098113239,0.0936424785559097,0.5882309894213232,1.0959199777885569,"(0.239, 7.057]"
0.42956761581164393,4.104225689753825,2.9624886169196856,7.496281922485155,"(7.057, 13.841]"
1.294465429727118,7.260388750288683,3.0842491240149776,11.639103304030778,"(7.057, 13.841]"
2.2740973491072523,6.9396713289835015,9.996265959284822,19.210034637375575,"(13.841, 20.626]"
2.1811325693966133,2.76980531392246,3.955434494928822,8.906372378247895,"(7.057, 13.841]"
1.5135621919309032,0.27872239766761153,2.3934102822378924,4.185694871836407,"(0.239, 7.057]"
1.027310693567705,2.83981146232072,18.818085801761693,22.685207957650118,"(20.626, 27.41]"
0.08789172619608406,0.04978844456502263,0.5867189981337926,0.7243991688948992,"(0.239, 7.057]"
0.1762942146834115,0.04474389546894773,2.745653493256675,2.9666916034090343,"(0.239, 7.057]"
2.2882305001775056,0.7819715404344604,0.21466629153440706,3.284868332146373,"(0.239, 7.057]"
0.9324939469655895,1.3413753498433603,6.733524748315729,9.007394045124679,"(7.057, 13.841]"
0.00923960561099441,2.9428978451677135,12.50985015581939,15.461987606598097,"(13.841, 20.626]"
0.10699690143594932,2.299571453781638,1.6427795745700968,4.049347929787684,"(0.239, 7.057]"
1.089162387290241,1.180829974791417,9.771686477564147,12.041678839645805,"(7.057, 13.841]"
0.005074437051797003,0.639382325116814,1.7280973395914967,2.372554101760108,"(0.239, 7.057]"
0.17531581610419905,11.703057523313959,12.082698923069854,23.96107226248801,"(20.626, 27.41]"
0.7956978461389317,1.1108835802200683,7.011344458060847,8.917925884419848,"(7.057, 13.841]"
1.1773152866548127,1.2007240968490858,8.171388835882192,10.54942821938609,"(7.057, 13.841]"
1.0554414821352487,0.3573535849091114,0.09085323207082231,1.5036482991151825,"(0.239, 7.057]"
0.2539498673080245,3.1676334012746166,16.458624862181985,19.880208130764625,"(13.841, 20.626]"
1.2454172888985389,2.3662644760731477,6.485395260823416,10.097077025795102,"(7.057, 13.841]"
0.2708237590528059,0.49889705890635194,1.8174268069886148,2.5871476249477725,"(0.239, 7.057]"
0.39363490891808445,0.1719461138047574,8.842011858024538,9.40759288074738,"(7.057, 13.841]"
1.3723575516657907,2.2819916414744807,1.6530953880365957,5.307444581176867,"(0.239, 7.057]"
1.048773814302768,2.125590188846286,10.308158987072083,13.482522990221138,"(7.057, 13.841]"
1.891956077463401,0.6383716973474793,0.597186712405471,3.1275144872163514,"(0.239, 7.057]"
1.0718132881697624,6.0263088127702185,6.081677500220933,13.179799601160914,"(7.057, 13.841]"
0.8400443055872574,0.3275285663893017,3.8902418548362765,5.057814726812836,"(0.239, 7.057]"
0.09835706144841048,1.1324469450068233,0.5075866076325476,1.7383906140877814,"(0.239, 7.057]"
0.45841630720702004,5.751136865599309,1.3846591744415069,7.5942123472478364,"(7.057, 13.841]"
0.30816014785883117,1.0885142853871002,0.0624080423751401,1.4590824756210714,"(0.239, 7.057]"
0.27970020366242127,2.0351300354602055,3.1627818833014096,5.477612122424036,"(0.239, 7.057]"
3.6123094061629257,1.0136486060182792,1.7924204741859722,6.418378486367177,"(0.239, 7.057]"
0.4993874970400238,0.6410034601337625,4.56096425207786,5.701355209251647,"(0.239, 7.057]"
2.226055211248523,8.267541058263548,1.7636835997261835,12.257279869238255,"(7.057, 13.841]"
0.9973343857364831,1.0530091516908464,1.7827969781233706,3.8331405155507,"(0.239, 7.057]"
1.5838252526883998,4.490505013696264,6.797156114135131,12.871486380519794,"(7.057, 13.841]"
0.6984353243887704,0.5226116249677809,0.24670146619977681,1.4677484155563283,"(0.239, 7.057]"
0.860155902641585,0.47932016275771583,11.659811810955894,12.999287876355195,"(7.057, 13.841]"
0.6782934333416935,0.06325809819111,9.561637658070381,10.303189189603184,"(7.057, 13.841]"
0.2172148953252385,2.1091917177519792,5.51016089756706,7.836567510644278,"(7.057, 13.841]"
1.2817618030658038,0.9193981083444027,4.497433200381701,6.698593111791907,"(0.239, 7.057]"
0.32957736836626295,3.9954761176535873,11.142144452215279,15.46719793823513,"(13.841, 20.626]"
0.024616481080688615,1.2819062294056274,1.0248618804199439,2.33138459090626,"(0.239, 7.057]"
1.036968786295274,6.896164682401602,0.4113088016205121,8.344442270317387,"(7.057, 13.841]"
0.1949335702248227,0.4104243565216768,1.3689627001715945,1.974320626918094,"(0.239, 7.057]"
2.821083147273303,4.059371009459821,7.91345117931367,14.793905336046794,"(13.841, 20.626]"
3.0775624127880232,2.997554609348595,0.17642771747663252,6.251544739613251,"(0.239, 7.057]"
2.4635098846338415,2.9473840877800725,4.371029696097835,9.78192366851175,"(7.057, 13.841]"
0.4622873964973667,3.725865221629178,26.94944054430042,31.137593162426963,"(27.41, 34.194]"
0.015577315371944383,2.862784225207454,9.679168719178845,12.557530259758243,"(7.057, 13.841]"
2.6355234573318898,1.9681775008471276,3.684927860044089,8.288628818223106,"(7.057, 13.841]"
0.5589382770530613,0.28138797185516495,0.32878116076265756,1.1691074096708838,"(0.239, 7.057]"
3.400842016122056,0.06613382669997142,8.900345771633697,12.367321614455724,"(7.057, 13.841]"
3.3137354761302054,5.072766603628528,4.568701287718527,12.95520336747726,"(7.057, 13.841]"
1.917387017179419,1.9176153788615604,0.6104596365140864,4.445462032555065,"(0.239, 7.057]"
0.3487760681721603,3.184545077863279,0.4927923153723075,4.026113461407746,"(0.239, 7.057]"
0.4862919320986936,1.3137167205395892,12.019038653921694,13.819047306559977,"(7.057, 13.841]"
1.9047266524780797,0.24955832834801606,5.531210553440255,7.685495534266351,"(7.057, 13.841]"
0.3811462314307171,0.2674874982326768,8.838851597612024,9.487485327275419,"(7.057, 13.841]"
0.18571861629575478,2.3139576298894227,10.558951853774708,13.058628099959886,"(7.057, 13.841]"
0.8137369920602278,1.1253114398483806,4.240501685324601,6.179550117233209,"(0.239, 7.057]"
2.751293470807042,0.44759934978327226,3.6433158815578937,6.842208702148207,"(0.239, 7.057]"
1.1908255977579372,1.352952026818662,2.8143452104728715,5.35812283504947,"(0.239, 7.057]"
0.8441123364356555,0.13272610158691933,1.9059111005669158,2.882749538589491,"(0.239, 7.057]"
0.10222819734932288,1.7444108646499012,2.851073449415669,4.697712511414894,"(0.239, 7.057]"
0.9545307155177177,0.6266655932249148,7.43343962333363,9.014635932076263,"(7.057, 13.841]"
4.610569747846317,3.1946145800639236,4.605554539085551,12.410738866995793,"(7.057, 13.841]"
0.15092058664226415,0.7431767943603876,11.15240552814668,12.046502909149332,"(7.057, 13.841]"
0.7304953249815037,1.214747018390625,2.92936261960972,4.874604962981849,"(0.239, 7.057]"
2.0986086379007944,0.023377172101861805,4.6708681438264446,6.7928539538291,"(0.239, 7.057]"
1.35003424835367,0.15041044461339573,4.9889622984546325,6.489406991421698,"(0.239, 7.057]"
1.194074425301673,0.9967849941714344,4.478730653297564,6.669590072770672,"(0.239, 7.057]"
1.21228755622449,1.3076176975600253,6.063954062764889,8.583859316549404,"(7.057, 13.841]"
0.4454923423149491,1.8326842069838267,1.3553275985830637,3.6335041478818395,"(0.239, 7.057]"
0.3475620842670952,0.6896694301489164,3.5909279845120694,4.628159498928081,"(0.239, 7.057]"
1.6573745072597124,2.374768228778372,0.5503289673916542,4.582471703429738,"(0.239, 7.057]"
1.6613281990870288,3.9339750088062044,2.4266936874952982,8.021996895388531,"(7.057, 13.841]"
2.017950047367915,3.0269012773951416,3.343903043343766,8.388754368106824,"(7.057, 13.841]"
2.4446159618366363,0.08085003279540631,5.280987154596442,7.806453149228485,"(7.057, 13.841]"
0.7160932369329037,1.3098036830042166,15.032050656159715,17.057947576096836,"(13.841, 20.626]"
0.6961843775511992,0.22170710161909227,4.589598621665501,5.507490100835792,"(0.239, 7.057]"
1.6009499323084875,0.5542625655694364,6.80496413178296,8.960176629660884,"(7.057, 13.841]"
1.0497190748878003,8.634365310458866,3.5287924442783862,13.212876829625053,"(7.057, 13.841]"
1.210550648511517,0.30745780434611725,5.027031123587008,6.545039576444642,"(0.239, 7.057]"
1.5886194749542049,1.3818519124180149,0.3678678924806502,3.3383392798528697,"(0.239, 7.057]"
2.207323476346767,1.925484869922573,1.4677736194256954,5.600581965695035,"(0.239, 7.057]"
0.4124824071376542,2.4244466297154763,2.2459338035474525,5.082862840400583,"(0.239, 7.057]"
0.47093678872755634,1.6403648480762212,3.1979690828360434,5.309270719639821,"(0.239, 7.057]"
0.09869603918736056,0.019637790769126452,0.23361742001170605,0.35195124996819305,"(0.239, 7.057]"
0.8634140266094347,0.7904196719957203,0.754254552689986,2.408088251295141,"(0.239, 7.057]"
0.036604104210857,1.4584261871453665,1.6204462705167058,3.115476561872929,"(0.239, 7.057]"
0.6266069481821096,0.18393783420810145,17.794994496157955,18.605539278548164,"(13.841, 20.626]"
0.782294585687126,0.8634957821673652,2.01245024322056,3.658240611075051,"(0.239, 7.057]"
0.3376306603145225,0.0675336914110481,3.2892965131437553,3.694460864869326,"(0.239, 7.057]"
0.8936325301461753,0.1636753792161745,1.091387752228215,2.1486956615905646,"(0.239, 7.057]"
0.030975062101474545,1.0114217070711897,4.7180536256995795,5.760450394872244,"(0.239, 7.057]"
0.03806349928278938,0.28477701184932275,1.6472671395570604,1.9701076506891726,"(0.239, 7.057]"
1.729351369538136,1.6765348078362414,1.159613492746251,4.565499670120628,"(0.239, 7.057]"
0.4465850242077447,2.338917126316868,3.634270946622103,6.419773097146715,"(0.239, 7.057]"
0.135889041297428,3.2247514382215186,0.02760505968654886,3.3882455392054953,"(0.239, 7.057]"
0.7386535882790156,0.4466627485156944,0.03846776135200151,1.2237840981467114,"(0.239, 7.057]"
1.4696479404457352,0.3666022702701539,1.236341184337153,3.072591395053042,"(0.239, 7.057]"
0.24311800342990336,0.22089763457015135,0.18706282919097914,0.6510784671910339,"(0.239, 7.057]"
0.9752196186564929,2.023568229408261,0.5715900958138311,3.5703779438785848,"(0.239, 7.057]"
0.08921102898989729,2.451589879023199,2.0689532170251543,4.6097541250382505,"(0.239, 7.057]"
0.053065095910309404,0.06419149347206422,8.112253047128231,8.229509636510604,"(7.057, 13.841]"
0.7579089406255209,5.5043881088978175,4.243728712956564,10.506025762479902,"(7.057, 13.841]"
0.7779104426947422,0.10674097135801607,3.594045504940313,4.478696918993071,"(0.239, 7.057]"
1.0145374482046159,1.558701776191244,1.7370812851832371,4.310320509579097,"(0.239, 7.057]"
1.2949605629166843,2.469280008122478,13.42316171793108,17.187402288970244,"(13.841, 20.626]"
3.7235570086999927,4.095407104909522,2.5293151328733416,10.348279246482855,"(7.057, 13.841]"
0.7262911192303563,2.5041349457440525,0.4556050505828779,3.6860311155572862,"(0.239, 7.057]"
0.3900197141059788,3.236231745193452,4.79946988104977,8.4257213403492,"(7.057, 13.841]"
1.5856539797326863,0.8293654982928672,0.6042797243533146,3.019299202378868,"(0.239, 7.057]"
0.3158514654361373,3.3729091386958467,2.117303887116328,5.806064491248312,"(0.239, 7.057]"
0.5779834312733013,0.1670128995163253,3.5404101485987303,4.285406479388357,"(0.239, 7.057]"
0.0817051685836699,4.504100637570432,10.366205011494582,14.952010817648684,"(13.841, 20.626]"
0.02567760954147438,1.586343365757859,3.401614623279765,5.013635598579098,"(0.239, 7.057]"
3.287379923268602,3.3997952193310375,6.057652560462551,12.74482770306219,"(7.057, 13.841]"
1.8077676421150626,1.2041219438700927,24.68007870989055,27.691968295875707,"(27.41, 34.194]"
1.1906427327993416,2.0632780034401774,0.7048758295799078,3.958796565819427,"(0.239, 7.057]"
0.5258596444651419,1.4947956279175392,1.6060669152345084,3.6267221876171893,"(0.239, 7.057]"
0.19030653614210874,2.6304756699738414,2.509131824182375,5.329914030298324,"(0.239, 7.057]"
0.17012074157285414,0.17030979977791233,2.73942092760732,3.0798514689580863,"(0.239, 7.057]"
0.2880059891265836,0.12450006263803015,2.646824387031414,3.059330438796028,"(0.239, 7.057]"
0.7967906483133146,0.5676543150798328,11.908736913559572,13.27318187695272,"(7.057, 13.841]"
1.2538492877767757,0.3476229730303001,6.259388080847127,7.860860341654202,"(7.057, 13.841]"
1.0793903496967985,4.1080711140047965,4.681258338158763,9.868719801860358,"(7.057, 13.841]"
0.32841226138899593,0.4949083163611079,1.8507749491469943,2.674095526897098,"(0.239, 7.057]"
3.0981034985563065,7.448205618868187,8.680404969388556,19.226714086813047,"(13.841, 20.626]"
1.3390174048752264,0.8216462486628586,15.51219196899078,17.672855622528864,"(13.841, 20.626]"
0.8082304819313313,0.40207420795770576,8.607389054325331,9.817693744214369,"(7.057, 13.841]"
0.9460304720374351,3.118426195188695,0.007831656240208741,4.0722883234663385,"(0.239, 7.057]"
0.5440378655320514,2.1500324106830373,5.058523425335606,7.752593701550694,"(7.057, 13.841]"
0.2846612922740635,1.3790902174468676,0.2624457374752228,1.926197247196154,"(0.239, 7.057]"
0.4400141293231124,1.6209965982312413,1.4893841161123782,3.550394843666732,"(0.239, 7.057]"
1.4181818477567132,2.5402378794579326,0.30684946790983153,4.265269195124477,"(0.239, 7.057]"
0.014498079720804276,0.5187198913734135,4.62912334064396,5.162341311738178,"(0.239, 7.057]"
0.12338039223997604,11.217262464095409,5.801213827223802,17.141856683559187,"(13.841, 20.626]"
0.04709437695252053,7.36127995578019,0.607944307284065,8.016318640016776,"(7.057, 13.841]"
0.04158145191729243,2.1015061802651136,2.4212339807468024,4.564321612929208,"(0.239, 7.057]"
1.9342030336156586,0.4451435569377867,3.0462044288539465,5.425551019407392,"(0.239, 7.057]"
1.2162406117006883,2.2802955905507374,2.302667240593697,5.799203442845123,"(0.239, 7.057]"
0.6427845944128924,0.14987474366858658,0.6449941183205865,1.4376534564020655,"(0.239, 7.057]"
0.10295691844781325,0.06226423304723896,2.714573320919404,2.8797944724144564,"(0.239, 7.057]"
0.6765179657972332,0.5959575062777931,6.955088448640369,8.227563920715395,"(7.057, 13.841]"
0.6414503320943712,1.2421106037468779,0.36827395253618056,2.2518348883774295,"(0.239, 7.057]"
0.19019471280022499,4.054039850381681,0.41788647782379895,4.662121041005705,"(0.239, 7.057]"
0.5688991313023238,2.597805957635778,2.190752193682152,5.357457282620254,"(0.239, 7.057]"
0.5083366145832069,2.715075809498644,14.212971527639205,17.436383951721055,"(13.841, 20.626]"
0.9567224329131345,1.1084871588148277,5.521733194204588,7.58694278593255,"(7.057, 13.841]"
1.008114536040912,0.8490970653789652,5.676432558498414,7.533644159918291,"(7.057, 13.841]"
0.04636232402053473,0.9273713010945941,2.246457986449028,3.220191611564157,"(0.239, 7.057]"
0.4693840046550615,8.788127783033008,4.502834892867231,13.760346680555301,"(7.057, 13.841]"
0.9831249947827285,0.08187148408785734,0.05091426876271543,1.1159107476333014,"(0.239, 7.057]"
0.6994394526077897,4.035285983511478,5.054326549630213,9.78905198574948,"(7.057, 13.841]"
1.9413494531754387,1.728703482705325,12.225754297699062,15.895807233579825,"(13.841, 20.626]"
1.0749747640549978,1.154698162069319,4.741145219464216,6.970818145588533,"(0.239, 7.057]"
0.17785286876730733,2.583843134977741,10.345420566187718,13.107116569932767,"(7.057, 13.841]"
0.07318243625624084,1.333668607198428,6.436283964535804,7.8431350079904725,"(7.057, 13.841]"
1.028394147108891,4.133812682535534,0.6423406851299852,5.80454751477441,"(0.239, 7.057]"
0.02686907266739443,4.619256959240749,11.63712057990887,16.283246611817013,"(13.841, 20.626]"
0.8813473778072907,1.0953974027080495,0.3437708089506855,2.3205155894660257,"(0.239, 7.057]"
2.817255455387152,0.6482158141702838,3.8174992294642345,7.282970499021671,"(7.057, 13.841]"
0.8567824455775445,1.7946942438818185,0.766555051037578,3.418031740496941,"(0.239, 7.057]"
0.49130069222390726,4.869111879047198,0.05887836307241012,5.419290934343516,"(0.239, 7.057]"
1.030827157844982,0.4731217979000491,2.741203428218688,4.245152383963719,"(0.239, 7.057]"
0.6129559740510913,1.9508429153991511,1.7480760959518882,4.311874985402131,"(0.239, 7.057]"
0.7888143605763202,1.996956000451087,3.327664871115796,6.113435232143203,"(0.239, 7.057]"
2.838127146232999,2.641860030253711,4.304278785462037,9.784265961948748,"(7.057, 13.841]"
0.48792752735018713,0.28213125940532086,0.2236223312795628,0.9936811180350708,"(0.239, 7.057]"
3.249091861506754,2.5163298182542198,0.6562602194234074,6.421681899184381,"(0.239, 7.057]"
2.357576183769919,4.79450641257849,4.089499198641233,11.241581794989642,"(7.057, 13.841]"
0.21789626094045,0.3961291215602891,2.1016300809552897,2.715655463456029,"(0.239, 7.057]"
0.07188415530315702,0.5424191833743239,6.531384192807291,7.145687531484772,"(7.057, 13.841]"
0.10622533548163021,7.108354077723023,5.2819561062585505,12.496535519463205,"(7.057, 13.841]"
0.018389887847233704,0.3992861095103158,9.341184497486841,9.758860494844392,"(7.057, 13.841]"
0.09920501165575414,3.853579535513316,5.896284320513487,9.849068867682558,"(7.057, 13.841]"
1.1488748725771671,1.3556418851070982,2.809990043020031,5.314506800704296,"(0.239, 7.057]"
0.07384962694642702,0.5679939399887409,5.588465205528075,6.230308772463243,"(0.239, 7.057]"
0.3841571882948685,4.092012003489698,1.6105475999006464,6.0867167916852125,"(0.239, 7.057]"
1.863526040097277,1.1786746511199115,1.8286757394049724,4.870876430622161,"(0.239, 7.057]"
0.02354700318071151,1.4464597382022362,7.779134079251586,9.249140820634533,"(7.057, 13.841]"
1.6845305061859586,0.8901799183556157,2.956740644578377,5.531451069119951,"(0.239, 7.057]"
0.33108346683962947,1.797642685370157,8.006861151346733,10.13558730355652,"(7.057, 13.841]"
0.12575011982910764,0.35711459523526273,8.641737171109364,9.124601886173734,"(7.057, 13.841]"
1.1931554084399134,0.9921418127269471,9.744254161289728,11.929551382456589,"(7.057, 13.841]"
0.9913991764332203,6.974316083642288,12.422647754965885,20.388363015041392,"(13.841, 20.626]"
2.0994158140869468,0.5971717608480124,2.8192443534990463,5.515831928434006,"(0.239, 7.057]"
1.3282935787644004,2.1385147690342055,1.919987120715736,5.386795468514341,"(0.239, 7.057]"
1.6269958059939782,0.7866484087778541,4.3637471492504165,6.7773913640222485,"(0.239, 7.057]"
0.33133386230673856,2.96978338141433,2.31949091486295,5.620608158584019,"(0.239, 7.057]"
0.19533329604044697,0.2805335592202735,4.5948988053763165,5.070765660637037,"(0.239, 7.057]"
1.3887563960054248,7.0012209088488,6.1138393618473055,14.503816666701528,"(13.841, 20.626]"
1.6442091832434196,1.2095018443294756,5.830255353370436,8.683966380943332,"(7.057, 13.841]"
4.657004890140231,0.5385070869954405,2.3464425212038993,7.54195449833957,"(7.057, 13.841]"
0.532079354152605,0.15267544511187414,0.9127691290240819,1.597523928288561,"(0.239, 7.057]"
0.4652439119617327,0.37207588020918786,2.815240067989305,3.652559860160226,"(0.239, 7.057]"
1.497954503343587,1.466996690859163,0.7692194749305026,3.7341706691332526,"(0.239, 7.057]"
0.41673367093075314,0.8219701596103333,11.040787202685333,12.279491033226419,"(7.057, 13.841]"
2.6701379243993264,3.530819768244315,2.1223028808697,8.323260573513341,"(7.057, 13.841]"
1.9548391571662491,1.1273543813711848,0.8388975176259995,3.9210910561634336,"(0.239, 7.057]"
0.5603556094421597,0.571938473951702,0.1288857719833833,1.261179855377245,"(0.239, 7.057]"
1.389784716495461,1.9201978331469356,5.189783790103037,8.499766339745433,"(7.057, 13.841]"
1.4046329868550171,2.4536452139186897,5.0654169149841,8.923695115757807,"(7.057, 13.841]"
0.10883751880671802,0.36554389537169363,2.082156335553708,2.5565377497321196,"(0.239, 7.057]"
2.328445680867632,0.3669305402615214,0.3720656488813726,3.067441870010526,"(0.239, 7.057]"
0.7037074897567543,0.07472145601896547,2.635019740558731,3.413448686334451,"(0.239, 7.057]"
1.75133255752333,2.666660241579668,1.8641486276414165,6.282141426744414,"(0.239, 7.057]"
0.3857354261645083,2.180125050294198,5.652382615793508,8.218243092252214,"(7.057, 13.841]"
2.258790514545926,1.2873083392705855,4.654221230029178,8.20032008384569,"(7.057, 13.841]"
0.4929884540601712,3.7179849813523003,2.2674534327944587,6.47842686820693,"(0.239, 7.057]"
0.010896806615175478,3.2763966423387028,1.2288157461212414,4.51610919507512,"(0.239, 7.057]"
2.3579072969624537,1.7606620272718432,22.12925154682265,26.24782087105695,"(20.626, 27.41]"
0.09572561054847525,4.054021253058005,3.0256963623264688,7.17544322593295,"(7.057, 13.841]"
0.3846536333850389,0.4609437007411471,5.828157192596624,6.67375452672281,"(0.239, 7.057]"
2.9969723831882855,0.23738604278056916,0.7573304104734127,3.9916888364422674,"(0.239, 7.057]"
3.0079495401039895,0.6287356114562159,3.323670411344603,6.960355562904809,"(0.239, 7.057]"
0.8519972910552638,0.11756221345992542,0.13961481211462656,1.1091743166298158,"(0.239, 7.057]"
0.9992300803905246,1.5150280856678877,3.5205868473535102,6.034845013411923,"(0.239, 7.057]"
0.5950146636228576,5.516762410803933,16.623599942560745,22.735377016987535,"(20.626, 27.41]"
0.347022778746197,0.08027683281876447,2.4242197239737098,2.851519335538671,"(0.239, 7.057]"
0.39848633455038973,0.2604677599662335,0.19888360387391568,0.8578376983905389,"(0.239, 7.057]"
1.1163235799285063,1.2036864966038618,0.15722522362918268,2.4772353001615506,"(0.239, 7.057]"
1.3958378736630772,5.432417307751989,2.4550068131504075,9.283261994565475,"(7.057, 13.841]"
1.5681954162211487,0.760051222113574,0.8719153692556543,3.200162007590377,"(0.239, 7.057]"
1.5588310318487417,1.4154450075426903,0.1181453854060028,3.092421424797435,"(0.239, 7.057]"
0.09563694654031944,0.08492346600210339,7.057314520714552,7.237874933256975,"(7.057, 13.841]"
0.682049596573356,0.32114330267283786,3.0672735222690766,4.07046642151527,"(0.239, 7.057]"
0.05928170644873779,8.629502169066757,1.707135864146678,10.395919739662174,"(7.057, 13.841]"
0.7974613156953929,6.711608615639818,11.517086346607716,19.026156277942928,"(13.841, 20.626]"
0.5825552749872835,0.009904445947655232,0.6172771174893266,1.2097368384242655,"(0.239, 7.057]"
2.186618664220801,6.065281597357631,15.608612740704872,23.860513002283305,"(20.626, 27.41]"
0.4321916194678851,2.038419227137002,1.8841456774526313,4.354756524057518,"(0.239, 7.057]"
0.12450597755245087,4.048669133953021,10.96433567784054,15.137510789346011,"(13.841, 20.626]"
0.15430765454211937,1.212984538184019,4.618375603423861,5.9856677961499996,"(0.239, 7.057]"
1.4334305470790938,1.4496721373955421,8.76386775688192,11.646970441356556,"(7.057, 13.841]"
0.962905679748035,1.34217099901772,20.679947980001412,22.985024658767166,"(20.626, 27.41]"
0.10660871224538544,2.1984104741311667,1.7012348244930584,4.00625401086961,"(0.239, 7.057]"
0.08785552166860508,0.30083490841891436,16.238368329798273,16.62705875988579,"(13.841, 20.626]"
1.2072084716530997,0.06086396183994254,2.467236648458109,3.7353090819511516,"(0.239, 7.057]"
0.07554608952579714,0.7361361760275618,2.434828616049801,3.24651088160316,"(0.239, 7.057]"
1.7251858538085814,2.439396695081679,2.080510688152398,6.245093237042658,"(0.239, 7.057]"
1.224999753130005,0.4509261088732207,3.897967484469401,5.573893346472627,"(0.239, 7.057]"
0.08484875058031206,2.238236818663958,0.837036899559433,3.1601224688037033,"(0.239, 7.057]"
0.08865386777780669,7.007260780458419,4.033948211457837,11.129862859694063,"(7.057, 13.841]"
4.315458562058092,0.19721278744357393,3.901208940447564,8.41388028994923,"(7.057, 13.841]"
0.4688375825522896,2.2331581678090724,7.175360691532479,9.877356441893841,"(7.057, 13.841]"
0.4630552604753125,1.173075679514347,8.968305238542268,10.604436178531927,"(7.057, 13.841]"
1.675575403282677,4.052063244387033,2.9030346577253274,8.630673305395037,"(7.057, 13.841]"
2.9421645379632437,0.3899621981172876,1.8000686241447332,5.132195360225264,"(0.239, 7.057]"
4.268773939601984,2.3593797527607077,1.5010335452106864,8.129187237573378,"(7.057, 13.841]"
1.3998992301163418,3.6417417231952913,1.0822291355506095,6.123870088862243,"(0.239, 7.057]"
0.47202099961912564,5.786864774760546,0.29687978904190404,6.555765563421576,"(0.239, 7.057]"
0.08719399369795726,2.299272469969244,2.096156992084949,4.482623455752151,"(0.239, 7.057]"
1.5012425404546257,1.3750252252230792,1.5752505335258449,4.451518299203549,"(0.239, 7.057]"
0.817360407561493,1.923869711101883,16.968733912148302,19.709964030811676,"(13.841, 20.626]"
0.5520331253049737,4.0636658187358226,4.078934248270577,8.694633192311372,"(7.057, 13.841]"
2.3682376754780905,1.6907781841380116,2.1330124775855044,6.192028337201607,"(0.239, 7.057]"
0.11788020797188024,0.06171663546781039,4.343072618112863,4.522669461552554,"(0.239, 7.057]"
0.6785051093729543,5.345811014598346,0.7494462875107238,6.773762411482024,"(0.239, 7.057]"
0.011418589432541669,2.3393150720223006,2.935328367214515,5.286062028669358,"(0.239, 7.057]"
0.6323543695829262,2.257195087758978,4.920631028910057,7.810180486251961,"(7.057, 13.841]"
0.057950431065925775,0.4858639960360479,3.3559288548973756,3.899743281999349,"(0.239, 7.057]"
0.12649099593117122,2.1510739873361775,2.56897347427876,4.846538457546108,"(0.239, 7.057]"
0.12502623200745627,1.0013031297917176,25.455206319712303,26.581535681511475,"(20.626, 27.41]"
1.0475683864069716,2.106702271374473,10.614450001233983,13.768720659015429,"(7.057, 13.841]"
1.3705977175964728,0.2254261375653921,4.8829374190340396,6.478961274195904,"(0.239, 7.057]"
0.8755537772028685,2.144984636931713,4.212615601905684,7.233154016040266,"(7.057, 13.841]"
3.274720209102377,14.883445819408811,4.846618216599771,23.00478424511096,"(20.626, 27.41]"
0.4697965779202672,0.09882599778860138,1.1239251629289253,1.6925477386377938,"(0.239, 7.057]"
0.3364691574205587,7.559726225124457,2.513772608450984,10.409967990996,"(7.057, 13.841]"
2.0295025381702296,1.0448113649091946,0.20129583182880106,3.275609734908225,"(0.239, 7.057]"
0.2530820677318534,4.092066922031506,3.2269881452178977,7.572137134981257,"(7.057, 13.841]"
3.302870106251911,3.050060113868585,3.9156284187648724,10.268558638885368,"(7.057, 13.841]"
0.012228944358969308,1.6741102118531048,1.2922330272947287,2.978572183506803,"(0.239, 7.057]"
3.5025269228794818,2.682253571705317,16.62518985949888,22.80997035408368,"(20.626, 27.41]"
0.044118998618501895,4.215938201916679,12.009520086993215,16.269577287528396,"(13.841, 20.626]"
2.217721229160009,1.0355001572974054,6.403247667618976,9.65646905407639,"(7.057, 13.841]"
0.7501432503493903,0.7921184495820129,3.8112713153296625,5.353533015261066,"(0.239, 7.057]"
4.956828607926033,2.202792634344614,10.199918115913103,17.35953935818375,"(13.841, 20.626]"
0.07666137595445494,3.2989156859421467,0.7000608453811547,4.075637907277756,"(0.239, 7.057]"
0.8071096637333488,2.873366737641024,7.815391457141175,11.495867858515547,"(7.057, 13.841]"
3.483575221256005,3.197130952895551,0.6666331477601193,7.347339321911676,"(7.057, 13.841]"
0.740443933181044,1.143924993483773,7.904511335870843,9.78888026253566,"(7.057, 13.841]"
0.9926282903811874,3.4056762127717266,1.6132144989567132,6.011519002109628,"(0.239, 7.057]"
1.1899012381167742,0.2561419253071429,10.481538129752245,11.927581293176162,"(7.057, 13.841]"
0.6061277556769509,1.5726712566885659,14.415777731750818,16.594576744116335,"(13.841, 20.626]"
0.9876741730080221,0.011550611032507709,0.8055171260730478,1.8047419101135778,"(0.239, 7.057]"
0.8778258618057556,0.7848583818863757,3.105766397295583,4.768450640987714,"(0.239, 7.057]"
2.3142327694826474,0.9128691252583723,19.813261065714855,23.040362960455873,"(20.626, 27.41]"
0.046511461743480975,1.0089340703773348,3.302503962436906,4.3579494945577215,"(0.239, 7.057]"
0.32984272589875846,2.3779530040622885,9.958894376326063,12.66669010628711,"(7.057, 13.841]"
3.003996005860931,0.983870685422813,4.4425452346212495,8.430411925904995,"(7.057, 13.841]"
2.209675828453486,1.190929171127857,2.352658106401821,5.753263105983164,"(0.239, 7.057]"
0.60817526195962,0.5424212974639558,1.6828460953003797,2.8334426547239557,"(0.239, 7.057]"
0.9679330287389772,0.9344208011013524,1.135902764541932,3.0382565943822613,"(0.239, 7.057]"
0.32487341989513013,0.5156501950660977,7.173185146084777,8.013708761046004,"(7.057, 13.841]"
0.2084041614360645,0.15202617651077444,2.4432052140118796,2.8036355519587186,"(0.239, 7.057]"
0.6230585988040988,1.8498991906369124,3.5797813280703106,6.052739117511322,"(0.239, 7.057]"
0.43595353461673336,2.206522950142138,3.3895737270445454,6.032050211803417,"(0.239, 7.057]"
0.876243706006643,1.9324874602968365,4.305214805867751,7.11394597217123,"(7.057, 13.841]"
0.08092228443318479,1.2453552300338948,10.033824089565735,11.360101604032815,"(7.057, 13.841]"
3.6649601225225674,0.9553806895597998,19.748453956678414,24.368794768760782,"(20.626, 27.41]"
4.2838655755525386,3.98042544378951,2.6177327012433342,10.882023720585382,"(7.057, 13.841]"
1.1978638819127894,1.4641161096031872,8.787338709486766,11.449318701002742,"(7.057, 13.841]"
0.7680784344120899,1.3047087830304989,7.230811982512932,9.30359919995552,"(7.057, 13.841]"
0.37037930155436,0.051953107884028946,4.2610539792233135,4.683386388661702,"(0.239, 7.057]"
1.6809071674879967,0.8348157628215953,15.623188325989673,18.138911256299266,"(13.841, 20.626]"
1.1543295836488157,0.9567027297976104,1.1186843585222508,3.229716671968677,"(0.239, 7.057]"
0.17747365410048838,1.0177310283959984,0.5785371390988225,1.7737418215953094,"(0.239, 7.057]"
2.4183010919991275,1.7358221097305413,9.619440954463931,13.7735641561936,"(7.057, 13.841]"
1.7289945113672716,1.5254342087057378,2.8915073097373822,6.145936029810391,"(0.239, 7.057]"
2.991738525033436,1.8725027165496395,9.385569055162966,14.249810296746041,"(13.841, 20.626]"
1.2936040041961343,2.8953462575737623,11.178849196435586,15.367799458205482,"(13.841, 20.626]"
0.9504040195913728,3.3531408029703296,0.322466443437917,4.62601126599962,"(0.239, 7.057]"
0.5417025065931134,2.532569487662782,10.747807940351615,13.82207993460751,"(7.057, 13.841]"
2.699018361547118,6.225597450008411,2.9739269933421237,11.898542804897653,"(7.057, 13.841]"
2.01039238004692,0.03680168916540005,3.571164541230529,5.618358610442849,"(0.239, 7.057]"
0.046272938653122785,0.4357598214250259,4.92542496042651,5.4074577205046594,"(0.239, 7.057]"
0.026720816866511364,0.015183237062831378,13.044369797823878,13.086273851753221,"(7.057, 13.841]"
0.47234776158326286,2.0852658528155033,0.09650584682792922,2.654119461226695,"(0.239, 7.057]"
1.6636477229960862,4.566164020132954,3.2393728196891165,9.469184562818157,"(7.057, 13.841]"
4.364275468220168,0.558058688555547,5.8193079906682925,10.741642147444008,"(7.057, 13.841]"
0.16300950993447968,5.235538332447438,6.4134020877255224,11.811949930107438,"(7.057, 13.841]"
0.9017241302157357,0.12431980387744128,5.896928328555539,6.922972262648717,"(0.239, 7.057]"
0.4794736997580961,5.449457846000236,0.7218647779765466,6.650796323734879,"(0.239, 7.057]"
3.5037085543759625,0.8665649586130768,1.7790593565488702,6.1493328695379095,"(0.239, 7.057]"
1.8459132074336346,0.21388092278387372,2.2214106120466734,4.2812047422641815,"(0.239, 7.057]"
1.8221900464698573,1.3305650977988233,8.159368813932607,11.312123958201287,"(7.057, 13.841]"
0.6324155711397735,0.5935171261563438,1.63391574588316,2.859848443179277,"(0.239, 7.057]"
0.535834936327349,0.6705899851833239,1.1830754561812427,2.3895003776919155,"(0.239, 7.057]"
0.3193888921500612,0.7342875743225572,15.78514434475004,16.83882081122266,"(13.841, 20.626]"
0.058026963844836216,3.249366039930847,0.044513988361426185,3.3519069921371094,"(0.239, 7.057]"
2.0004261400033103,1.5494142762765208,30.644114969520434,34.193955385800265,"(27.41, 34.194]"
1.676117439249923,0.7459213915069051,5.647749272183766,8.069788102940594,"(7.057, 13.841]"
8.172445597818083,1.8849295219090247,8.81496508219185,18.87234020191896,"(13.841, 20.626]"
5.694873400744333,2.5186234492962027,1.745088792524603,9.958585642565138,"(7.057, 13.841]"
0.810651592641394,0.6366234844160921,0.0720936486900576,1.5193687257475437,"(0.239, 7.057]"
1.4652830902062608,1.0673326679182042,6.694564392173502,9.227180150297968,"(7.057, 13.841]"
2.896171682874436,0.2599579190428011,8.983194682467005,12.13932428438424,"(7.057, 13.841]"
1.8947720147092457,0.39970713544427744,6.744533017740471,9.039012167893993,"(7.057, 13.841]"
0.2841524445811465,2.2858673852523403,0.7707134085511085,3.340733238384595,"(0.239, 7.057]"
0.5988268273998645,0.4004131229672945,7.000504618021271,7.999744568388429,"(7.057, 13.841]"
0.13829634431308865,1.4895689994642,7.325016738640082,8.952882082417371,"(7.057, 13.841]"
3.080223786441709,2.469181998879371,5.372631236659405,10.922037021980485,"(7.057, 13.841]"
0.9318477025886182,0.22606176704094086,7.264648628462066,8.422558098091624,"(7.057, 13.841]"
0.2596037254184837,1.6754777451362937,9.351463373394024,11.286544843948802,"(7.057, 13.841]"
1.1138295391732502,0.5929419201849683,4.754464121564652,6.461235580922871,"(0.239, 7.057]"
0.9626704347430717,6.589725943615852,0.4638928619745787,8.016289240333503,"(7.057, 13.841]"
0.4434204622971061,1.3215367426536142,3.343519918938111,5.108477123888831,"(0.239, 7.057]"
0.12053912139846927,3.2797174348707183,0.40414898287162665,3.8044055391408143,"(0.239, 7.057]"
1.113441283519102,1.5980224999872223,2.6173851741266763,5.328848957633001,"(0.239, 7.057]"
0.7346104241860377,0.08876609855973225,2.6137023652531557,3.4370788879989256,"(0.239, 7.057]"
1.479807080960515,2.0056119671487047,0.3414469028677538,3.826865950976974,"(0.239, 7.057]"
0.7343098604235151,6.048401040249465,2.1448499864969035,8.927560887169884,"(7.057, 13.841]"
1.911770111308484,1.840656845507649,0.5882795243903626,4.340706481206495,"(0.239, 7.057]"
0.8027541190214875,3.4206044294154583,8.257428550377401,12.480787098814346,"(7.057, 13.841]"
0.8231145809801471,4.3118930603080665,14.752649925309992,19.887657566598207,"(13.841, 20.626]"
2.0927586432297716,0.5177481316730005,0.3753231686622788,2.985829943565051,"(0.239, 7.057]"
0.516647313988117,0.4766281883603115,15.518281170343428,16.511556672691857,"(13.841, 20.626]"
0.14388795539029894,1.8882541294190607,3.6967577469438058,5.728899831753165,"(0.239, 7.057]"
0.029205021432094684,1.0587548646671545,1.7802733813930103,2.8682332674922595,"(0.239, 7.057]"
1.4070574526625856,3.6634299643378476,0.3998831236978604,5.470370540698294,"(0.239, 7.057]"
0.9683989670606796,4.605632707425712,3.471982483856968,9.04601415834336,"(7.057, 13.841]"
1.2176653477978765,0.8721209568470294,7.9119244509880895,10.001710755632995,"(7.057, 13.841]"
0.23948149349344347,0.5406552292168861,6.139389288918249,6.919526011628578,"(0.239, 7.057]"
0.14661255122827865,3.0330385915848974,0.2576561474802323,3.4373072902934085,"(0.239, 7.057]"
0.014651476265668782,0.6426322454683315,0.3784791202912624,1.0357628420252627,"(0.239, 7.057]"
0.43168726151506925,3.45885785103807,2.5781296560804385,6.468674768633578,"(0.239, 7.057]"
0.8913973756649446,1.1023866015108204,1.749848046900245,3.74363202407601,"(0.239, 7.057]"
0.4979818675611507,2.2025310064107404,1.3223304586627975,4.022843332634689,"(0.239, 7.057]"
0.5753195628284312,0.2008240345822516,1.649500892277558,2.4256444896882408,"(0.239, 7.057]"
2.3450615229814415,1.9555841381307484,8.13502515578358,12.43567081689577,"(7.057, 13.841]"
0.4281026144251117,1.20211227592557,13.24146297271714,14.87167786306782,"(13.841, 20.626]"
0.7215250280723211,1.7667202081332096,2.596832420887668,5.085077657093199,"(0.239, 7.057]"
1.5308717377197016,0.36787982984631584,11.82821034121445,13.726961908780469,"(7.057, 13.841]"
0.5050801312991797,2.6702426094970653,1.9393223202862477,5.114645061082493,"(0.239, 7.057]"
0.9730904753530853,3.9725885264237553,3.235489429947621,8.181168431724462,"(7.057, 13.841]"
1.9831406436843066,0.48858065337707873,1.2811043548639431,3.7528256519253285,"(0.239, 7.057]"
2.9861904153746677,0.20122042252560193,5.114872309857724,8.302283147757993,"(7.057, 13.841]"
0.15908187931483597,0.04784491986314798,19.31166983988161,19.518596639059595,"(13.841, 20.626]"
2.611662763042079,2.0542853760991746,4.62530912905048,9.291257268191734,"(7.057, 13.841]"
0.6775027809955306,1.868369946647836,2.214387143033421,4.760259870676787,"(0.239, 7.057]"
0.29873545435139576,1.5823908267671314,5.218028092377419,7.099154373495946,"(7.057, 13.841]"
0.6145869673706975,0.5277933258825777,0.6557892212615534,1.7981695145148286,"(0.239, 7.057]"
3.9136530975805917,0.9915653301304104,10.975792178331531,15.881010606042533,"(13.841, 20.626]"
0.6784912926673597,1.805152095078644,3.496670911016173,5.980314298762177,"(0.239, 7.057]"
0.3986160321004998,1.3734034299838318,2.983277059530509,4.755296521614841,"(0.239, 7.057]"
1.0034862739576595,8.810266326762653,4.407813802699802,14.221566403420113,"(13.841, 20.626]"
0.27462846771560295,0.29338322523065463,4.901265265759135,5.469276958705393,"(0.239, 7.057]"
0.07889530497623504,2.3758351248409273,0.37240993627832486,2.8271403660954872,"(0.239, 7.057]"
0.13797521971241586,1.0360992016207988,5.7382336476219,6.912308068955115,"(0.239, 7.057]"
0.13701842406700712,1.1179306513034315,1.3849088294575522,2.639857904827991,"(0.239, 7.057]"
0.16475990155667297,2.528845722838106,6.2579893063476675,8.951594930742447,"(7.057, 13.841]"
0.14946006606751655,2.358145150639629,8.644903569908596,11.152508786615742,"(7.057, 13.841]"
1.0240840510758065,9.47877361572874,8.147144729977397,18.650002396781943,"(13.841, 20.626]"
0.20074635703448163,0.2748362482731662,4.020404515374513,4.495987120682161,"(0.239, 7.057]"
0.42413931579480524,0.21987450008131082,3.671615900233151,4.315629716109267,"(0.239, 7.057]"
2.2709741251283577,2.5771655313470845,0.7708631748212545,5.619002831296697,"(0.239, 7.057]"
0.6423811416465937,1.7273345009359609,7.465972538187141,9.835688180769695,"(7.057, 13.841]"
1.1012890836523805,0.6408531849000523,1.5832163455430326,3.3253586140954656,"(0.239, 7.057]"
0.1891285171132165,0.16550137469559495,3.432798854498613,3.7874287463074245,"(0.239, 7.057]"
0.21355098099509506,0.17910174212781588,1.6722899833187106,2.0649427064416215,"(0.239, 7.057]"
0.041727212717565305,4.492237024931178,0.718360974536481,5.252325212185225,"(0.239, 7.057]"
0.18504734406558088,0.42605806371992805,4.965287867379612,5.57639327516512,"(0.239, 7.057]"
0.3265481186311455,0.7812659858951616,0.27931879862958187,1.387132903155889,"(0.239, 7.057]"
0.19481181748310794,0.5140636601912666,6.904449639590402,7.613325117264776,"(7.057, 13.841]"
0.09288590786036757,0.8769984696208415,1.9105996627694828,2.8804840402506917,"(0.239, 7.057]"
0.12855621349335253,0.14390272146325966,0.0006735103820133685,0.2731324453386256,"(0.239, 7.057]"
0.6176293433653791,1.4640246440510696,3.5782845640222263,5.659938551438675,"(0.239, 7.057]"
0.23109220634509658,0.14001369275488273,0.23992496180626088,0.6110308609062403,"(0.239, 7.057]"
0.4529811155109185,3.222444084318504,1.6159905495488984,5.291415749378321,"(0.239, 7.057]"
0.7000051847143304,0.532394615368412,6.137512127966616,7.369911928049358,"(7.057, 13.841]"
1.1724574340125422,1.5531093822971893,0.32370402329413395,3.0492708396038655,"(0.239, 7.057]"
0.040105730100015426,4.241845632979484,9.142277821073932,13.424229184153432,"(7.057, 13.841]"
1.6064942438261196,2.104664080820528,0.019136185981980285,3.7302945106286276,"(0.239, 7.057]"
0.9885936903672964,1.5226712651494634,1.4172808654574776,3.928545820974237,"(0.239, 7.057]"
0.08529543037633426,0.7841120849682921,6.752784231555521,7.622191746900147,"(7.057, 13.841]"
2.0681346984880906,0.8099362024476936,1.9009619755987486,4.779032876534533,"(0.239, 7.057]"
2.536693546378928,2.2142183011394723,0.5373269137189676,5.288238761237368,"(0.239, 7.057]"
0.0630228275601634,10.278993349414609,2.23326333782404,12.575279514798812,"(7.057, 13.841]"
0.3241768431286508,2.1684674539304623,1.5762481924437801,4.068892489502893,"(0.239, 7.057]"
1.6409351832266426,1.6319110219359625,9.248380685685145,12.52122689084775,"(7.057, 13.841]"
1.3793572402143084,2.6234910483856226,1.8796377264691988,5.88248601506913,"(0.239, 7.057]"
0.20397963206180048,1.2517458559648178,7.777885788656754,9.233611276683373,"(7.057, 13.841]"
0.23489903118153324,0.1240536869664351,11.122204538520142,11.48115725666811,"(7.057, 13.841]"
0.46278511002436973,1.652428520287922,2.8441933627164815,4.959406993028773,"(0.239, 7.057]"
0.6626625646686144,6.32240685459067,12.036570365805982,19.02163978506527,"(13.841, 20.626]"
0.963001834058552,0.38547832588140707,2.3685970527975804,3.7170772127375393,"(0.239, 7.057]"
0.46031256300035117,2.342397516936516,16.63208476084358,19.434794840780448,"(13.841, 20.626]"
0.6208911092209176,0.4486226874845159,0.46765120906180757,1.5371650057672412,"(0.239, 7.057]"
1.3762289403898424,1.534998852052893,5.808068223299942,8.719296015742678,"(7.057, 13.841]"
0.03737295232147846,0.20334896740472178,3.404255841155766,3.6449777608819662,"(0.239, 7.057]"
0.2909366218823972,1.1970233156917613,2.4522465688125656,3.9402065063867244,"(0.239, 7.057]"
1.2494918749560258,2.8225133170849133,5.008043337026638,9.080048529067577,"(7.057, 13.841]"
2.2557667543306135,0.8541075229709083,6.084565713175621,9.194439990477143,"(7.057, 13.841]"
0.7167791122084008,2.186722545752177,0.021864082458732063,2.92536574041931,"(0.239, 7.057]"
0.7595295023530689,3.1738852858327005,0.913326611856045,4.8467414000418145,"(0.239, 7.057]"
0.11336133854066338,5.239469385408418,6.242167656343332,11.594998380292413,"(7.057, 13.841]"
0.5931432460835508,0.5348233754311112,5.488844425837361,6.616811047352023,"(0.239, 7.057]"
0.7606067990552899,1.0193722658290696,16.913964705202705,18.693943770087063,"(13.841, 20.626]"
0.2776928032606533,0.3307306906448056,7.157249288783703,7.765672782689162,"(7.057, 13.841]"
0.31367461187854384,9.78130992409611,15.056535441884396,25.15151997785905,"(20.626, 27.41]"
0.473664984802472,5.234618194317145,6.062386014385437,11.770669193505054,"(7.057, 13.841]"
0.020275360750314515,1.5528711975982454,1.7694812450163242,3.342627803364884,"(0.239, 7.057]"
0.38872476125613575,3.6907419841239433,0.5566968910601795,4.6361636364402585,"(0.239, 7.057]"
0.23755693562362987,1.4719339105965725,7.612262880572404,9.321753726792606,"(7.057, 13.841]"
0.39674923023198266,1.9541296972434616,5.166218987260125,7.517097914735569,"(7.057, 13.841]"
0.12756310328478127,0.1866979590860436,0.24692827225770997,0.5611893346285348,"(0.239, 7.057]"
2.2120798999430247,2.8152028703114778,2.231829793538785,7.259112563793288,"(7.057, 13.841]"
0.9003988138795598,0.27327467045781423,15.709552562720573,16.883226047057946,"(13.841, 20.626]"
1.1366329578930316,3.4981774698706785,3.4697489699417523,8.104559397705463,"(7.057, 13.841]"
1.5567090323777912,3.0467781340373303,2.8345918753627455,7.438079041777867,"(7.057, 13.841]"
0.6900364218488851,2.467110138187218,3.0596759852499944,6.216822545286098,"(0.239, 7.057]"
0.09093209451745585,0.07366073610310624,1.1715452962629789,1.336138126883541,"(0.239, 7.057]"
0.7702583632948226,0.7223080801031003,2.2999272627958507,3.7924937061937736,"(0.239, 7.057]"
0.8839230578713736,0.610640278358255,2.308695422260187,3.8032587584898154,"(0.239, 7.057]"
1.3682166488084093,0.893000524039034,0.26887670368048905,2.5300938765279324,"(0.239, 7.057]"
0.5650346493829821,0.18344728114475525,7.295779858065249,8.044261788592985,"(7.057, 13.841]"
0.13648466672931223,5.527902601784148,2.693592113318849,8.357979381832308,"(7.057, 13.841]"
0.3337621802617039,1.613986037526363,8.63491419891449,10.582662416702558,"(7.057, 13.841]"
0.45111482547462345,0.7291962438952043,9.497213438694287,10.677524508064113,"(7.057, 13.841]"
1.0382246116218616,1.0116148622131982,1.1912482217703124,3.241087695605372,"(0.239, 7.057]"
0.8457817212014196,1.1855272044852605,5.355279617356548,7.386588543043228,"(7.057, 13.841]"
0.44020675965180617,1.835555340441584,3.195964288803716,5.471726388897107,"(0.239, 7.057]"
4.306195772169812,1.4500165040908792,10.607852696511799,16.36406497277249,"(13.841, 20.626]"
0.9308330084672093,5.036314093035293,1.2150777348314863,7.1822248363339884,"(7.057, 13.841]"
0.27079452875679993,1.374185025841579,5.6631188919172235,7.3080984465156025,"(7.057, 13.841]"
0.10734300462488686,9.69652653072047,4.679306489215451,14.483176024560809,"(13.841, 20.626]"
0.16588829258982588,3.8133302266565607,1.7499259769507949,5.729144496197182,"(0.239, 7.057]"
0.28230684939514095,0.46767736767886375,0.7343912124034377,1.4843754294774425,"(0.239, 7.057]"
0.17516487495429403,5.335598921177708,5.272590817927142,10.783354614059146,"(7.057, 13.841]"
0.2064917454545804,0.2474255590198859,6.7084687689273546,7.162386073401821,"(7.057, 13.841]"
0.33560584821544653,3.4014591480214516,1.8962634533008838,5.633328449537782,"(0.239, 7.057]"
0.190402433662887,0.9580832373341943,5.175830313402491,6.324315984399572,"(0.239, 7.057]"
2.2707514493559153,4.207047536486472,2.5137161029068373,8.991515088749225,"(7.057, 13.841]"
0.08363571259200016,4.0507658383112535,6.2449708541637525,10.379372405067006,"(7.057, 13.841]"
0.7434123501127027,3.279025316714895,1.110815628530355,5.133253295357953,"(0.239, 7.057]"
0.5283055564893023,3.121585387128522,11.046156976364959,14.696047919982783,"(13.841, 20.626]"
4.03864216601592,0.7267637391835735,1.6942424636730937,6.459648368872587,"(0.239, 7.057]"
0.1188273456974049,0.16876265840149893,2.2926365759416947,2.5802265800405983,"(0.239, 7.057]"
0.5072579937424304,1.0316099294845993,0.2992381142185304,1.8381060374455602,"(0.239, 7.057]"
3.489059664126715,0.3811700467333151,0.5911718817835567,4.461401592643587,"(0.239, 7.057]"
2.0062440619681547,2.374566301954948,3.6269254399420303,8.007735803865133,"(7.057, 13.841]"
1.6986630340361795,0.8496008524262127,1.5570923361286229,4.105356222591015,"(0.239, 7.057]"
0.2982750835335046,7.427180604254166,9.023622538735031,16.749078226522702,"(13.841, 20.626]"
0.18739953278648752,2.0487102290722485,0.07401202847220853,2.3101217903309443,"(0.239, 7.057]"
1.1045595986817835,3.4573503508198753,2.3828782782735356,6.944788227775194,"(0.239, 7.057]"
2.6503850949599554,0.2843364175331189,2.057508056708215,4.992229569201289,"(0.239, 7.057]"
0.8136504219047422,3.961213086672902,0.09758425834938557,4.87244776692703,"(0.239, 7.057]"
0.8477275614585865,5.121602897232266,0.6640491165229435,6.633379575213795,"(0.239, 7.057]"
0.3284750308106508,1.3352002810964987,2.669129527378727,4.332804839285877,"(0.239, 7.057]"
1.4674737584120885,1.8640930996499812,3.39488609616996,6.72645295423203,"(0.239, 7.057]"
0.20707798214607084,2.8947214686636755,2.5900044161986098,5.691803867008356,"(0.239, 7.057]"
0.39108781311923263,0.38435261690915856,3.785098187566613,4.560538617595004,"(0.239, 7.057]"
0.5541445500698305,1.396585096432789,4.520966939817584,6.471696586320204,"(0.239, 7.057]"
0.7084849626446985,1.0171996313391356,0.049866952290763586,1.7755515462745977,"(0.239, 7.057]"
0.27761258356960583,0.31652422209052206,3.1189933498330946,3.7131301554932223,"(0.239, 7.057]"
0.12198327214413544,0.916258964913463,16.55211110504819,17.59035334210579,"(13.841, 20.626]"
0.9431996574293565,0.14121472540822042,3.6597756079241277,4.744189990761704,"(0.239, 7.057]"
0.3405633684365418,0.05230175993762529,5.658916066119483,6.05178119449365,"(0.239, 7.057]"
0.8704530682924436,0.2904360646571272,1.8688428984494019,3.0297320313989724,"(0.239, 7.057]"
0.1676647527706798,6.599906679954215,7.435910653354988,14.203482086079884,"(13.841, 20.626]"
0.6561213780285275,1.5949255331162457,7.4122971324483995,9.663344043593174,"(7.057, 13.841]"
0.7605472481290778,6.7523556637682125,3.683364631013783,11.196267542911073,"(7.057, 13.841]"
0.05321465145712133,1.1330215820164997,18.651387922679223,19.837624156152845,"(13.841, 20.626]"
0.41038360138042324,0.7473984566614081,0.6708020364218745,1.828584094463706,"(0.239, 7.057]"
0.1443493268319316,1.4110139495545995,0.085464600292336,1.640827876678867,"(0.239, 7.057]"
0.06547225877252488,1.1578937812530967,7.351820419798914,8.575186459824536,"(7.057, 13.841]"
4.601201311395324,0.22334900119678386,8.22935654032973,13.053906852921838,"(7.057, 13.841]"
0.38913002251942025,2.0478984087949854,0.6403444343923532,3.077372865706759,"(0.239, 7.057]"
1.6600706137698986,0.4867899239966613,1.5433903217401743,3.690250859506734,"(0.239, 7.057]"
0.2938888342934014,1.9330005690115275,0.08854116353232501,2.315430566837254,"(0.239, 7.057]"
1.1441413510203515,2.1007936786492394,1.735806079258283,4.980741108927874,"(0.239, 7.057]"
1.4280662228282086,0.32980790310889285,7.41715226064056,9.175026386577661,"(7.057, 13.841]"
0.9054465941691398,0.12662441790106277,3.64864637786035,4.680717389930552,"(0.239, 7.057]"
0.6378566440452718,3.0351909864478603,2.139286715466708,5.81233434595984,"(0.239, 7.057]"
0.5307578135053778,1.2316332441827726,2.3240003157968268,4.086391373484977,"(0.239, 7.057]"
0.4290433017039748,0.11984780020763171,0.006772713471739074,0.5556638153833455,"(0.239, 7.057]"
2.652556048220781,10.54386395347333,1.7819501195560352,14.978370121250146,"(13.841, 20.626]"
1.775607071141798,0.11903416284884737,5.198775432802587,7.093416666793233,"(7.057, 13.841]"
3.3531763894156916,2.3751180270003025,18.285827271425898,24.014121687841893,"(20.626, 27.41]"
0.13272854183610555,8.230596155313906,9.388574993123456,17.75189969027347,"(13.841, 20.626]"
1.3125513634605075,0.546717233914294,0.1193889170775825,1.9786575144523841,"(0.239, 7.057]"
2.7861272652612405,0.3068837224671699,11.441468746111294,14.534479733839705,"(13.841, 20.626]"
0.19995580970079768,0.2588168120480187,7.643863453550762,8.102636075299579,"(7.057, 13.841]"
0.06881031747249687,0.7227294118822196,7.579194241744998,8.370733971099714,"(7.057, 13.841]"
1.351393153188622,0.21304640710312298,3.0624072642822298,4.626846824573975,"(0.239, 7.057]"
0.8544271441986697,2.3563589398563667,2.5375331299759782,5.748319214031015,"(0.239, 7.057]"
1.8440771413214778,0.12863292759905418,1.804244849911565,3.776954918832097,"(0.239, 7.057]"
0.1505582464141926,1.4243425048692737,0.33976095317135435,1.9146617044548206,"(0.239, 7.057]"
1.586050111031868,11.42575977359987,1.2953782521651376,14.307188136796876,"(13.841, 20.626]"
0.22517977306702294,3.363697553353431,1.4158190425046666,5.004696368925121,"(0.239, 7.057]"
0.178715198965518,1.9101641532397473,3.308989422796835,5.397868775002101,"(0.239, 7.057]"
0.1794446565599507,0.7312976661739705,6.880619413033578,7.7913617357675,"(7.057, 13.841]"
1.6851032825640087,1.9557782856380472,3.2104629430782743,6.85134451128033,"(0.239, 7.057]"
1.094213639015969,1.4974951117590685,0.29792445031242043,2.8896332010874577,"(0.239, 7.057]"
0.7403759563460444,1.1105423226333915,15.825467021983783,17.67638530096322,"(13.841, 20.626]"
0.44446140167806814,0.28015785172069024,14.299395811760219,15.024015065158977,"(13.841, 20.626]"
2.0972026672943325,4.353742119624095,7.689996178639589,14.140940965558016,"(13.841, 20.626]"
0.49831274969744493,1.1948910595855644,23.738222416799715,25.431426226082724,"(20.626, 27.41]"
1.6960826628480696,0.43288836412282716,3.931603883231449,6.060574910202345,"(0.239, 7.057]"
0.5782748811138804,0.9169703667658705,16.4529803989145,17.948225646794253,"(13.841, 20.626]"
0.4731195658177371,1.069313869240268,0.39307926724584913,1.9355127023038543,"(0.239, 7.057]"
0.6211610598996026,3.5151555021810665,2.276014498231384,6.412331060312053,"(0.239, 7.057]"
0.35864527543064206,2.6456206457185565,1.2769216469929554,4.281187568142154,"(0.239, 7.057]"
1.3767773129369394,2.9333166523403835,1.089742122761541,5.399836088038864,"(0.239, 7.057]"
0.698602815695596,0.022185120043067726,0.758784936855425,1.4795728725940887,"(0.239, 7.057]"
0.26424253099706524,1.0762360528819508,4.8697798619599055,6.210258445838922,"(0.239, 7.057]"
2.2983398495505836,1.3130294420763213,7.600771455615799,11.212140747242703,"(7.057, 13.841]"
0.4843317423587113,0.0387576789328926,4.3172866134791335,4.840376034770737,"(0.239, 7.057]"
0.7842823821777635,0.6017054080436526,0.7947600783391258,2.180747868560542,"(0.239, 7.057]"
2.3694956087096264,2.856649363428756,8.333316729073271,13.559461701211653,"(7.057, 13.841]"
0.9787993038573307,0.29493543466777855,5.052384941086984,6.326119679612093,"(0.239, 7.057]"
0.12431461585777975,1.5327700905297164,2.4564689738889043,4.1135536802764,"(0.239, 7.057]"
2.810616683932209,0.48465751215378755,5.60628828533534,8.901562481421337,"(7.057, 13.841]"
0.9880769289348262,0.02438966049755524,1.5048834729935856,2.517350062425967,"(0.239, 7.057]"
0.4078263155513094,0.5520379237005987,2.117067672469814,3.076931911721722,"(0.239, 7.057]"
0.1499768206164258,7.448910046285756,12.473927009813524,20.072813876715706,"(13.841, 20.626]"
1.580001395680267,3.2343063159230945,1.71600566445232,6.530313376055681,"(0.239, 7.057]"
0.9677755075628524,6.416695100382467,3.174280685649471,10.55875129359479,"(7.057, 13.841]"
0.7624138580490282,1.338291248222336,11.042794021308753,13.143499127580117,"(7.057, 13.841]"
2.2433033305364454,0.232474908390385,6.150238259218661,8.626016498145491,"(7.057, 13.841]"
1.553990013696072,1.587966954003389,0.32111006237036377,3.4630670300698245,"(0.239, 7.057]"
0.16449132012634088,1.211655262173857,0.7967553170232788,2.1729018993234765,"(0.239, 7.057]"
0.37356255139580047,3.7203817747996184,0.039362488619868075,4.1333068148152865,"(0.239, 7.057]"
0.28566961854883793,0.20646463217324765,4.983733534007458,5.475867784729544,"(0.239, 7.057]"
1.3623680618684115,1.3398034712596925,2.9680789350511687,5.6702504681792725,"(0.239, 7.057]"
0.03410753985783793,0.3251523674358489,0.7209390029505175,1.0801989102442042,"(0.239, 7.057]"
0.843713556386143,0.7851251900274089,15.842591716576111,17.471430462989662,"(13.841, 20.626]"
1.4374137158597788,2.6739197560495818,3.7714942731423133,7.882827745051674,"(7.057, 13.841]"
2.093667344385938,1.2925963865832355,1.3846556515460238,4.770919382515197,"(0.239, 7.057]"
0.4186745935450927,0.9428517928431852,3.4717752602625778,4.833301646650856,"(0.239, 7.057]"
1.721807963541003,1.0033230803171564,5.691242631366281,8.41637367522444,"(7.057, 13.841]"
0.11724388509877734,1.2303243218338464,0.39651067385025407,1.7440788807828778,"(0.239, 7.057]"
1.8737439572116876,3.074388403788928,1.6058758829254645,6.55400824392608,"(0.239, 7.057]"
0.13637963052807084,4.452817032647493,8.22443151175426,12.813628174929823,"(7.057, 13.841]"
0.5063146312098643,6.2171161260445995,3.0778286077867363,9.8012593650412,"(7.057, 13.841]"
1.59600536332649,3.0920192609113952,3.9546506380290176,8.642675262266902,"(7.057, 13.841]"
0.16242178992041617,0.7578612512081025,2.8353575840115566,3.7556406251400754,"(0.239, 7.057]"
0.26039302244475093,2.330367869362041,0.22446354450078515,2.815224436307577,"(0.239, 7.057]"
1.2810430976449054,1.1510949867297877,0.9061094871259683,3.3382475715006614,"(0.239, 7.057]"
1.2730961719916947,0.5878580804979554,2.9488178371113802,4.80977208960103,"(0.239, 7.057]"
1.0248442087373908,3.676087452381157,1.17345904124512,5.874390702363668,"(0.239, 7.057]"
1.184001709087617,0.07836823348751211,0.2563560976806342,1.5187260402557634,"(0.239, 7.057]"
0.7824691011956382,4.640724186080744,9.278280231937154,14.701473519213536,"(13.841, 20.626]"
0.2900836992594099,1.2378518696785592,19.867505515976198,21.395441084914168,"(20.626, 27.41]"
0.4241831937932634,2.027815262669115,7.878634682838712,10.33063313930109,"(7.057, 13.841]"
0.20040127451653184,2.1538224714325245,9.613383011347391,11.967606757296448,"(7.057, 13.841]"
2.3908761393236517,4.509833796118041,1.3852086135460566,8.28591854898775,"(7.057, 13.841]"
0.8756090546365985,2.0248857840085424,16.17337177429394,19.07386661293908,"(13.841, 20.626]"
0.5122456594790223,1.903491728221744,1.096540234206891,3.512277621907658,"(0.239, 7.057]"
0.6199075063211633,0.1379544015638108,15.123726591010257,15.881588498895232,"(13.841, 20.626]"
2.942823736997211,1.4613160839784363,26.314069659946476,30.718209480922123,"(27.41, 34.194]"
0.16646955012850068,0.325435547513243,6.219163908423409,6.711069006065153,"(0.239, 7.057]"
0.882444609108554,2.67450383828549,19.85454944713223,23.41149789452627,"(20.626, 27.41]"
0.7049944407931773,1.4357894646508567,4.214501812797032,6.355285718241065,"(0.239, 7.057]"
0.9453443180030727,2.2802926933430165,1.5024303624615976,4.728067373807686,"(0.239, 7.057]"
0.018276180406497235,0.0851322388327087,2.872341714964048,2.975750134203254,"(0.239, 7.057]"
2.0566935225406966,0.17720786933695706,4.501606318808089,6.735507710685743,"(0.239, 7.057]"
2.689988536691252,2.519840759965853,0.3794485110692194,5.589277807726324,"(0.239, 7.057]"
0.8327154639433977,0.14962885926925268,4.868848016974755,5.851192340187405,"(0.239, 7.057]"
1.1928707405259582,0.14784585373802417,19.86360103937694,21.204317633640926,"(20.626, 27.41]"
2.5574693578456262,0.024364760019591942,1.0542697055766685,3.6361038234418865,"(0.239, 7.057]"
1.2283974533925182,6.270052972439578,7.865412180781225,15.36386260661332,"(13.841, 20.626]"
0.1655105091241217,2.6750720860313217,11.924336194756286,14.764918789911729,"(13.841, 20.626]"
0.8587021498525602,0.8715952714673983,14.38544517946248,16.11574260078244,"(13.841, 20.626]"
0.933220857034015,0.7034759624601976,16.111358472240994,17.748055291735206,"(13.841, 20.626]"
0.5518745039228211,0.8606529013337602,3.685073610284772,5.097601015541353,"(0.239, 7.057]"
1.333490303883392,2.9802323994633007,18.92869392429678,23.242416627643472,"(20.626, 27.41]"
2.7236768857624747,2.1656980352570065,7.079856118620867,11.969231039640349,"(7.057, 13.841]"
2.5978762130541173,0.4096143102199993,0.8817258724042814,3.889216395678398,"(0.239, 7.057]"
0.5993642963036176,0.3825857629100438,3.2399141606916015,4.221864219905263,"(0.239, 7.057]"
0.12017870455178419,0.20715898238867897,6.33511639460626,6.6624540815467235,"(0.239, 7.057]"
4.1891739891207065,2.1594008200670256,1.4207104998989795,7.769285309086712,"(7.057, 13.841]"
1.8257181108184428,2.8910075984474317,5.116807762306764,9.83353347157264,"(7.057, 13.841]"
0.1331459597170634,0.6158958991071806,5.492068727594814,6.241110586419058,"(0.239, 7.057]"
2.536307940963276,0.042334836903230255,0.887862718992548,3.466505496859054,"(0.239, 7.057]"
2.0394239312268634,0.1714898149138722,4.16302693854329,6.373940684684025,"(0.239, 7.057]"
0.7315513859686492,6.875310005674686,7.38387316020698,14.990734551850316,"(13.841, 20.626]"
0.8947137868290749,0.7003771306072507,3.45470472579968,5.049795643236005,"(0.239, 7.057]"
0.5091648434090136,2.9326080866080404,0.060884779438501666,3.5026577094555553,"(0.239, 7.057]"
0.056318149243293786,1.959865010976076,0.045397819254521424,2.061580979473891,"(0.239, 7.057]"
0.40826488630074115,0.9623383116586516,2.2082809591005335,3.5788841570599264,"(0.239, 7.057]"
1.6238079110661787,0.46055603791180705,13.03158088526201,15.115944834239995,"(13.841, 20.626]"
0.004642784066342885,0.2588201781142023,1.2982388548195847,1.56170181700013,"(0.239, 7.057]"
0.4057138965901687,1.909091256958961,5.0305806252761,7.3453857788252295,"(7.057, 13.841]"
0.5077780948546782,2.9800571166818353,1.2556313986525485,4.743466610189062,"(0.239, 7.057]"
0.7708830241238818,2.065111267127418,1.9406068427327785,4.776601133984078,"(0.239, 7.057]"
2.5239254761530416,1.5113312553729448,9.420758508770627,13.456015240296614,"(7.057, 13.841]"
0.4251771108907901,0.08571317461821808,6.525626528131986,7.036516813640994,"(0.239, 7.057]"
0.42610648595849526,6.914823059507108,0.501308115183345,7.842237660648948,"(7.057, 13.841]"
1.3375089516655656,3.20605889768872,2.799221753900893,7.342789603255179,"(7.057, 13.841]"
0.6018777734923394,0.6929458572752945,0.14801829901126068,1.4428419297788944,"(0.239, 7.057]"
0.2543824737027254,7.821081145434436,3.2781987731790285,11.35366239231619,"(7.057, 13.841]"
0.6022823505761551,1.84201160893896,5.429971334477727,7.874265293992842,"(7.057, 13.841]"
0.15181992193138705,1.7465710040897007,0.630666267184792,2.5290571932058796,"(0.239, 7.057]"
0.19405450320809675,2.757233256410029,1.7046051616351723,4.655892921253298,"(0.239, 7.057]"
0.6898880428028177,3.3401790676877536,2.5361324214142518,6.566199531904823,"(0.239, 7.057]"
0.542876216256007,2.137011781496099,12.59941784148555,15.279305839237656,"(13.841, 20.626]"
2.463292735252813,0.2741513239607699,24.994780379511752,27.732224438725336,"(27.41, 34.194]"
0.45003458303972826,0.8257877846310165,0.2297553109084137,1.5055776785791584,"(0.239, 7.057]"
0.868902383785272,5.2645030128484125,7.156624401502873,13.290029798136558,"(7.057, 13.841]"
1.000390772517848,0.5087927757418879,2.323879121527445,3.833062669787181,"(0.239, 7.057]"
0.013180944825659227,0.9309622188253593,2.4916713844208656,3.435814548071884,"(0.239, 7.057]"
1.089268197035989,1.131538453437462,7.017507254976709,9.238313905450159,"(7.057, 13.841]"
0.1960586401992482,1.157513081846666,12.531249964185863,13.884821686231776,"(13.841, 20.626]"
3.2459982722724265,1.8983489611044637,15.07239393293603,20.21674116631292,"(13.841, 20.626]"
0.16094690431018008,5.7320707675603915,4.303364717227319,10.19638238909789,"(7.057, 13.841]"
0.5355011145366069,0.5506974485483729,2.20899500324707,3.29519356633205,"(0.239, 7.057]"
0.08921343765050313,0.2590818760099047,7.745221547885493,8.0935168615459,"(7.057, 13.841]"
5.768081615150759,0.43997330378772953,1.445090711393864,7.653145630332353,"(7.057, 13.841]"
0.6975468656582261,4.359406162201104,4.151414204758868,9.208367232618198,"(7.057, 13.841]"
0.9048193240889457,2.0758481621524556,2.2203420593832677,5.201009545624669,"(0.239, 7.057]"
0.06943205082825417,0.6734835557580368,5.344749114938969,6.087664721525259,"(0.239, 7.057]"
1.386136255215999,3.385062375549441,1.3748093444425482,6.146007975207988,"(0.239, 7.057]"
0.2356028382502632,3.951893478399391,1.063447836422213,5.250944153071868,"(0.239, 7.057]"
2.2833148568116304,3.748296255962151,12.519779908948435,18.551391021722218,"(13.841, 20.626]"
0.22958882816083334,5.024799086548464,0.5368330935189589,5.791221008228256,"(0.239, 7.057]"
0.21157042980881585,0.5813491448292308,3.5256727920490882,4.318592366687135,"(0.239, 7.057]"
0.03723434185767217,2.813336441646111,1.2477763444526255,4.0983471279564085,"(0.239, 7.057]"
0.6387857932954639,1.2343714157042285,0.19853996856933326,2.0716971775690256,"(0.239, 7.057]"
0.8320441036761805,3.6903021741469035,0.1834175280566355,4.7057638058797195,"(0.239, 7.057]"
0.06796694017915647,2.6075176038695136,0.9632037172916342,3.638688261340304,"(0.239, 7.057]"
1.4940025935983723,2.9962175077311857,10.078404909353614,14.56862501068317,"(13.841, 20.626]"
0.6038346502936217,2.1351683813684184,1.6597635333402472,4.398766565002287,"(0.239, 7.057]"
0.7431576545925969,0.39064039524789174,15.024790562678799,16.15858861251929,"(13.841, 20.626]"
0.5811814717875803,1.5750340483844092,4.356853245869319,6.513068766041308,"(0.239, 7.057]"
0.5120982012749213,8.35585319003389,2.8689530490754382,11.73690444038425,"(7.057, 13.841]"
0.8201634571378748,5.541598776014865,4.338560505970516,10.700322739123257,"(7.057, 13.841]"
0.16870300676095548,0.08826689223517215,3.6355717949754327,3.8925416939715602,"(0.239, 7.057]"
0.2008050862086255,0.36020360230150983,7.110151842746742,7.671160531256877,"(7.057, 13.841]"
1.9789493282961403,0.2825022803053705,1.6598842419936322,3.921335850595143,"(0.239, 7.057]"
2.9209117092646855,2.589107708120774,2.1774343626131327,7.687453779998592,"(7.057, 13.841]"
0.4673021874751386,3.4051395613916924,11.226031136902604,15.098472885769436,"(13.841, 20.626]"
0.315731365692666,0.48035401670010575,14.636305584720752,15.432390967113523,"(13.841, 20.626]"
1.032823265094457,1.409843227679058,11.154031145986536,13.596697638760052,"(7.057, 13.841]"
0.5254895676072463,3.6739701409556074,2.71887946748747,6.918339176050324,"(0.239, 7.057]"
0.02571414873264703,2.639527237294353,7.578952457757636,10.244193843784636,"(7.057, 13.841]"
0.16978360329951062,1.56280828990759,3.2345225620584084,4.967114455265509,"(0.239, 7.057]"
1.2586832598530455,1.7848930091400645,3.441194749736848,6.484771018729958,"(0.239, 7.057]"
1.0756497823175357,1.420019300136812,1.1450543335802255,3.6407234160345734,"(0.239, 7.057]"
0.027469857884440098,0.706357700003241,4.471793817869971,5.2056213757576515,"(0.239, 7.057]"
0.250992973866705,1.664919614936311,1.0298093873716538,2.94572197617467,"(0.239, 7.057]"
0.262761578950931,2.335187262193625,2.014078347864592,4.612027189009147,"(0.239, 7.057]"
1.1144147228278518,4.132228150214905,9.656149226451774,14.90279209949453,"(13.841, 20.626]"
0.019907381292139405,2.022804309749709,1.1601382995655154,3.2028499906073638,"(0.239, 7.057]"
0.10993605860137282,2.8636007591710517,0.36908468501513136,3.342621502787556,"(0.239, 7.057]"
1.6090184272962416,0.3488773409782476,0.35752078534477316,2.3154165536192624,"(0.239, 7.057]"
0.19667770945178534,1.238149037332752,14.13286146641773,15.567688213202267,"(13.841, 20.626]"
1.0576990889205768,0.018750864328912313,3.5354236725789976,4.611873625828487,"(0.239, 7.057]"
0.2720486222089952,0.5665273347157338,2.6331837490083188,3.4717597059330476,"(0.239, 7.057]"
0.10474003348487132,2.5926273712225716,8.326830208309165,11.024197613016607,"(7.057, 13.841]"
0.2786195164114473,9.609670881772278,9.034139994404848,18.922430392588574,"(13.841, 20.626]"
1.2810948130970319,0.20889541942218554,2.018765620314438,3.5087558528336555,"(0.239, 7.057]"
1.9358363374539296,1.0266385134428386,5.914613885831744,8.877088736728513,"(7.057, 13.841]"
1.7732509999755643,3.2195856378034966,7.37284866529631,12.36568530307537,"(7.057, 13.841]"
0.5061424894750884,0.4564017225231275,5.315994361736102,6.278538573734318,"(0.239, 7.057]"
1.102876778404595,1.6197438246952314,0.8219862551402466,3.5446068582400727,"(0.239, 7.057]"
0.22939341032898078,2.641547365136271,10.43265641370974,13.303597189174992,"(7.057, 13.841]"
0.34693358861251683,1.9141496743295314,3.872811802854619,6.133895065796667,"(0.239, 7.057]"
2.2665986286309043,0.4165708012669001,1.6597195097022186,4.342888939600023,"(0.239, 7.057]"
0.013087188396285003,0.8782027410459814,2.7689108059388405,3.660200735381107,"(0.239, 7.057]"
0.08938713963044913,3.063026749787975,0.19147537851351137,3.3438892679319356,"(0.239, 7.057]"
0.2330502802398152,1.615888670392353,0.68406557923332,2.533004529865488,"(0.239, 7.057]"
0.026890535224316885,0.010486671668489952,7.252495367560702,7.289872574453509,"(7.057, 13.841]"
0.20020300329027277,2.8625061336552475,5.817411525216162e-05,3.0627673110607723,"(0.239, 7.057]"
0.8747687287443666,0.07189975462310841,2.6941182510663553,3.6407867344338305,"(0.239, 7.057]"
0.5471863183678004,2.738746922706088,3.6960622046693654,6.981995445743253,"(0.239, 7.057]"
2.2318630208218275,0.45249813730374433,0.2809178457824846,2.9652790039080563,"(0.239, 7.057]"
1.7006959030194784,6.343673439119572,18.074087681393877,26.118457023532926,"(20.626, 27.41]"
0.41827280516903204,0.9175442825792067,1.281726725915564,2.6175438136638025,"(0.239, 7.057]"
0.30032625214727854,0.7918166886067127,1.813455880670851,2.9055988214248423,"(0.239, 7.057]"
0.47753980810853774,0.3224232166702378,1.811615123619793,2.6115781483985687,"(0.239, 7.057]"
0.8923177501433053,0.7294263726977145,1.3095301511269732,2.931274273967993,"(0.239, 7.057]"
0.31206170981527287,4.185471224353278,0.00737454615192529,4.504907480320476,"(0.239, 7.057]"
0.9785622455470876,11.217492461418113,6.534547855373437,18.730602562338635,"(13.841, 20.626]"
0.5266360392798112,0.9187115365375602,17.032884094513744,18.478231670331116,"(13.841, 20.626]"
0.8030673665148444,1.190628121020739,1.269905152221055,3.263600639756638,"(0.239, 7.057]"
0.5729253950911121,2.5607787424898194,5.439061967302936,8.572766104883868,"(7.057, 13.841]"
0.34879997526233314,4.346551358926028,6.77196970640312,11.467321040591482,"(7.057, 13.841]"
2.9652672211522035,1.7981020573572335,9.433386140185174,14.196755418694611,"(13.841, 20.626]"
1.4422545037326362,0.9936011989118629,2.746352896936128,5.182208599580627,"(0.239, 7.057]"
0.15095449812302086,1.0641728863006745,1.8043537102967462,3.0194810947204416,"(0.239, 7.057]"
2.028504927719324,2.3789445375116887,1.967399596573177,6.3748490618041895,"(0.239, 7.057]"
0.6683203296619165,0.00644690670446925,6.234772679962116,6.909539916328502,"(0.239, 7.057]"
2.2495394902897434,1.9330078377851705,8.485323753150265,12.66787108122518,"(7.057, 13.841]"
1.6087144539299003,0.8785392234594991,1.002105658208199,3.489359335597599,"(0.239, 7.057]"
0.5537566192586073,3.1616749762215917,2.317651199833902,6.033082795314101,"(0.239, 7.057]"
0.022725589477540116,0.19520501797971207,11.610888745885164,11.828819353342416,"(7.057, 13.841]"
0.3129005477764867,1.7744459787556734,8.217391843646855,10.304738370179015,"(7.057, 13.841]"
0.7800877556797963,1.3115983237872229,20.951547693411882,23.0432337728789,"(20.626, 27.41]"
1.0036973319345364,2.0562639929492894,7.017167191600205,10.07712851648403,"(7.057, 13.841]"
0.2982546799289389,0.13410435702136372,2.497740614418322,2.9300996513686246,"(0.239, 7.057]"
0.15007441883071554,1.7349239341762885,4.46577511649979,6.3507734695067946,"(0.239, 7.057]"
1.8013870871623916,1.6487206412057611,5.408986102064621,8.859093830432773,"(7.057, 13.841]"
4.160624163187234,1.644963786201368,0.4085227772741556,6.214110726662757,"(0.239, 7.057]"
0.7458945469720869,1.8500962654148234,3.9317644317620526,6.527755244148963,"(0.239, 7.057]"
0.18835486366007392,2.256914115647508,6.177675616784138,8.62294459609172,"(7.057, 13.841]"
0.31787647172893285,3.2693986202319856,0.9155371515647235,4.502812243525642,"(0.239, 7.057]"
0.018561887410766007,0.6289303722524986,7.5850165298705585,8.232508789533822,"(7.057, 13.841]"
2.456888527693557,3.486503377622462,4.382619835734714,10.326011741050735,"(7.057, 13.841]"
0.125281043846203,1.379329232519219,15.20592755555257,16.710537831917993,"(13.841, 20.626]"
0.8592406688681559,0.16037837492673826,0.2167420526105625,1.2363610964054568,"(0.239, 7.057]"
0.3202813286027929,0.12067005215011521,1.5416430140471902,1.9825943948000984,"(0.239, 7.057]"
0.8078355154069853,0.8136470167205098,4.600914975811219,6.222397507938714,"(0.239, 7.057]"
1.053888633986027,3.0732763787940165,1.758862845523176,5.886027858303219,"(0.239, 7.057]"
1.7704391924223601,2.4598187680415684,6.266238300943795,10.496496261407724,"(7.057, 13.841]"
0.23120252750453585,3.1081479929471953,7.114901324549239,10.45425184500097,"(7.057, 13.841]"
0.011056729631697196,1.4565916664303762,0.5407997301929703,2.0084481262550438,"(0.239, 7.057]"
0.14720807068739053,1.1603478237958065,3.606236217725379,4.913792112208576,"(0.239, 7.057]"
2.3027715288531816,0.3190527684537657,3.5554413749490776,6.177265672256025,"(0.239, 7.057]"
2.0706013520531226,0.7955676306647306,2.304472380936284,5.170641363654137,"(0.239, 7.057]"
0.9098443101964925,1.1383908344384663,13.509709168835878,15.557944313470836,"(13.841, 20.626]"
0.9175837185053469,0.18554774320512346,8.78697340064041,9.89010486235088,"(7.057, 13.841]"
1.0937342294075125,0.498492443961226,5.973568708741899,7.565795382110638,"(7.057, 13.841]"
0.19282202863855216,1.8237275609175219,6.264531019127748,8.281080608683823,"(7.057, 13.841]"
2.4582095607713015,2.6610618138194018,3.096846221146379,8.216117595737082,"(7.057, 13.841]"
0.542609634346318,12.810945761268286,12.691190378560188,26.044745774174793,"(20.626, 27.41]"
0.48311079932786843,5.409511208808631,5.9305895666710455,11.823211574807544,"(7.057, 13.841]"
0.731716932622681,2.057604619605745,6.527832886776416,9.317154439004842,"(7.057, 13.841]"
0.04810466429197722,1.0937626198971955,9.89132135435786,11.033188638547033,"(7.057, 13.841]"
0.18186170504927232,2.022177591559709,1.6015193846438724,3.8055586812528537,"(0.239, 7.057]"
1.3395390904239632,3.0803052694861854,8.227162675622996,12.647007035533145,"(7.057, 13.841]"
0.0864282756718436,0.25188892897206805,1.0860596594951664,1.424376864139078,"(0.239, 7.057]"
0.9242022189851156,1.0549431023394578,2.1182112208300725,4.097356542154646,"(0.239, 7.057]"
0.2815000336004408,3.662693023676061,2.044433181351139,5.988626238627641,"(0.239, 7.057]"
0.49314225692518837,0.9684743405698264,19.204438111263077,20.666054708758093,"(20.626, 27.41]"
0.340652191954146,1.6966673924200901,9.708398381862212,11.745717966236448,"(7.057, 13.841]"
0.4395484777228535,1.772344565063478,6.03939982992444,8.25129287271077,"(7.057, 13.841]"
1.2695639866386867,0.40784947590070186,6.492457117101072,8.16987057964046,"(7.057, 13.841]"
0.3525715396055509,0.8995721890978609,4.128512898420655,5.380656627124067,"(0.239, 7.057]"
0.8356435307057022,0.8144672081772699,14.695877652546008,16.34598839142898,"(13.841, 20.626]"
0.6463597866902617,0.05309191042933922,3.4284627066052793,4.12791440372488,"(0.239, 7.057]"
1.0896659230926784,0.048978382541060635,2.394355828410854,3.533000134044593,"(0.239, 7.057]"
2.761921647512969,3.563979224278279,0.8898671397007586,7.215768011492006,"(7.057, 13.841]"
1.3189052712550429,0.6378524128600701,7.7137035894156,9.670461273530712,"(7.057, 13.841]"
0.2419956132440473,1.4599491874370412,6.629646409861012,8.3315912105421,"(7.057, 13.841]"
0.031679678824257845,0.7097119801597861,2.4254242142454214,3.1668158732294653,"(0.239, 7.057]"
0.3041693020055879,5.649592072317046,0.1275810047719554,6.081342379094589,"(0.239, 7.057]"
0.9040606518730973,0.6003104364011886,9.131671580553208,10.636042668827494,"(7.057, 13.841]"
0.05279527809977468,1.1230340328371808,0.057418345521317776,1.2332476564582733,"(0.239, 7.057]"
0.6859059560261889,4.122892866231186,6.0819104033011895,10.890709225558563,"(7.057, 13.841]"
0.9084288399875602,3.6894797419642567,17.57582578969906,22.173734371650877,"(20.626, 27.41]"
0.4068318779381004,0.41183902538112394,2.8782549581847943,3.6969258615040186,"(0.239, 7.057]"
1.4736499591467347,3.2454851544975876,1.3392234052435346,6.058358518887856,"(0.239, 7.057]"
0.11271891476467799,1.2256682929649099,6.101713820598991,7.440101028328579,"(7.057, 13.841]"
0.07811050579224701,1.3193043951075851,8.494848005046627,9.89226290594646,"(7.057, 13.841]"
1.3026474102163927,0.2865401137958053,3.953031815944503,5.5422193399567,"(0.239, 7.057]"
0.6841702266630686,0.16807128414664674,17.061586182015414,17.91382769282513,"(13.841, 20.626]"
1.166042655733141,2.603460202902878,0.2652569402128082,4.034759798848827,"(0.239, 7.057]"
0.5706239991288573,1.3721888291937,3.5139233446428686,5.456736172965426,"(0.239, 7.057]"
0.2828962537585316,1.1484210082822626,6.337296236748891,7.768613498789685,"(7.057, 13.841]"
1.7098236985711959,2.615027202630076,9.925767462153395,14.250618363354667,"(13.841, 20.626]"
1.60652156396019,2.9007093979347705,0.9877178007997744,5.494948762694735,"(0.239, 7.057]"
1.1864488197091214,0.34610886152079895,8.047276607020212,9.579834288250133,"(7.057, 13.841]"
0.3176536149880321,1.884372025833694,4.022707936999149,6.224733577820875,"(0.239, 7.057]"
0.8921608797234643,0.29087039905574946,2.5254909675138966,3.7085222462931102,"(0.239, 7.057]"
0.44780997557982205,2.783619775654699,0.7061765505724636,3.937606301806985,"(0.239, 7.057]"
0.09605073460665323,2.139788201231888,10.023368553021275,12.259207488859815,"(7.057, 13.841]"
2.4926998435376415,6.275265571920649,0.8555623193815549,9.623527734839845,"(7.057, 13.841]"
0.14713044881952003,0.14290181501706456,1.8537813911121623,2.143813654948747,"(0.239, 7.057]"
3.0004906531227626,0.11749405364967493,1.712772202638604,4.830756909411042,"(0.239, 7.057]"
0.5906010127908722,0.6630925871897281,10.255788018501551,11.509481618482152,"(7.057, 13.841]"
